Vessel_ID,Route,Vessel_Class,Size_TEU,Length_m,Scheduled_ETA,Storm_Closure,Pct_Critical_Cargo,SLA_Penalty_Risk,Yard_Util_Pct,Crane_MPH,Wait_Time_Hrs,Truck_Turn_Time_Min,Actual_Arrival,Date
MAEU-6256,Suez,New Panamax,14000,366,2026-01-01 01:00:00,False,0.177184959924849,124029.47194739431,0.700967640723913,30.0,12.0,30.145146108586964,2026-01-01 13:00:00,2026-01-01
MAEU-7413,Suez,Feeder,5000,150,2026-01-01 02:00:00,False,0.1,25000.0,0.7085527430208407,30.0,12.0,31.28291145312611,2026-01-01 14:00:00,2026-01-01
MAEU-2970,Cape,ULCV,20000,400,2026-01-01 05:00:00,False,0.2909748185420213,290974.81854202127,0.7120643448598459,30.0,12.0,31.809651728976895,2026-01-01 17:00:00,2026-01-01
MAEU-3898,Suez,ULCV,20000,400,2026-01-01 13:00:00,False,0.2284598137153679,228459.8137153679,0.7130036098872737,30.0,12.0,31.95054148309107,2026-01-02 01:00:00,2026-01-01
MAEU-5033,Cape,New Panamax,14000,366,2026-01-01 13:00:00,False,0.15999286685862255,111995.0068010358,0.7195988722930267,30.0,12.0,32.939830843954006,2026-01-02 01:00:00,2026-01-01
MAEU-5670,Cape,New Panamax,14000,366,2026-01-01 14:00:00,False,0.23662294063591885,165636.0584451432,0.7217218035916962,30.0,12.0,33.258270538754445,2026-01-02 02:00:00,2026-01-01
MAEU-2065,Cape,New Panamax,14000,366,2026-01-01 17:00:00,False,0.27248991592073657,190742.9411445156,0.7175446885473998,30.0,12.0,32.63170328210998,2026-01-02 05:00:00,2026-01-01
MAEU-7943,Cape,New Panamax,14000,366,2026-01-01 18:00:00,False,0.24361523162727564,170530.66213909295,0.7116865869109312,30.0,12.0,31.752988036639692,2026-01-02 06:00:00,2026-01-01
MAEU-6415,Suez,ULCV,20000,400,2026-01-01 21:00:00,False,0.15721419659461314,157214.19659461314,0.7047331426241848,30.0,12.0,30.709971393627733,2026-01-02 09:00:00,2026-01-01
MAEU-6567,Suez,New Panamax,14000,366,2026-01-02 19:00:00,False,0.2691037783905444,188372.64487338107,0.7127222468751069,30.0,0.0,31.90833703126604,2026-01-02 19:00:00,2026-01-02
MAEU-1950,Suez,Feeder,5000,150,2026-01-03 00:00:00,False,0.1,25000.0,0.7169249555110682,30.0,0.0,32.53874332666023,2026-01-03 00:00:00,2026-01-03
MAEU-3645,Suez,ULCV,20000,400,2026-01-03 01:00:00,False,0.2643688028611036,264368.8028611036,0.7256725242743546,30.0,0.0,33.850878641153194,2026-01-03 01:00:00,2026-01-03
MAEU-1922,Suez,New Panamax,14000,366,2026-01-03 03:00:00,False,0.2996538923885765,209757.72467200353,0.7277383603886535,30.0,0.0,34.160754058298025,2026-01-03 03:00:00,2026-01-03
MAEU-7028,Cape,Feeder,5000,150,2026-01-03 14:00:00,False,0.1,25000.0,0.7272063780185517,30.0,0.0,34.080956702782764,2026-01-03 14:00:00,2026-01-03
MAEU-7359,Cape,Feeder,5000,150,2026-01-03 19:00:00,False,0.1,25000.0,0.7184007077979695,30.0,0.0,32.76010616969543,2026-01-03 19:00:00,2026-01-03
MAEU-1984,Cape,ULCV,20000,400,2026-01-04 00:00:00,False,0.15271652757312607,152716.52757312608,0.7218335534288901,30.0,12.0,33.27503301433352,2026-01-04 12:00:00,2026-01-04
MAEU-4876,Cape,New Panamax,14000,366,2026-01-04 07:00:00,False,0.2477050816482369,173393.5571537658,0.7234777286242547,30.0,12.0,33.521659293638216,2026-01-04 19:00:00,2026-01-04
MAEU-1793,Suez,New Panamax,14000,366,2026-01-04 10:00:00,False,0.23985440471659897,167898.08330161928,0.7332819064960072,30.0,12.0,34.99228597440109,2026-01-04 22:00:00,2026-01-04
MAEU-3371,Suez,Feeder,5000,150,2026-01-04 11:00:00,False,0.1,25000.0,0.7280650820516521,30.0,12.0,34.20976230774782,2026-01-04 23:00:00,2026-01-04
MAEU-4531,Cape,Feeder,5000,150,2026-01-04 11:00:00,False,0.1,25000.0,0.7286798291573888,30.0,12.0,34.30197437360833,2026-01-04 23:00:00,2026-01-04
MAEU-9554,Cape,New Panamax,14000,366,2026-01-04 11:00:00,False,0.28677786132644467,200744.50292851127,0.7316989758597503,30.0,12.0,34.754846378962554,2026-01-04 23:00:00,2026-01-04
MAEU-7166,Suez,Feeder,5000,150,2026-01-04 14:00:00,False,0.1,25000.0,0.7345907993545971,30.0,12.0,35.188619903189576,2026-01-05 02:00:00,2026-01-04
MAEU-1094,Suez,Feeder,5000,150,2026-01-04 18:00:00,False,0.1,25000.0,0.7358166702135652,30.0,12.0,35.37250053203479,2026-01-05 06:00:00,2026-01-04
MAEU-7024,Cape,Feeder,5000,150,2026-01-04 21:00:00,False,0.1,25000.0,0.7413552304201098,30.0,12.0,36.20328456301647,2026-01-05 09:00:00,2026-01-04
MAEU-4030,Suez,ULCV,20000,400,2026-01-05 00:00:00,False,0.28048445430931923,280484.45430931926,0.7354548546106461,30.0,8.0,35.318228191596916,2026-01-05 08:00:00,2026-01-05
MAEU-9577,Cape,Feeder,5000,150,2026-01-05 06:00:00,False,0.1,25000.0,0.7399673986161344,30.0,8.0,35.99510979242016,2026-01-05 14:00:00,2026-01-05
MAEU-6031,Cape,New Panamax,14000,366,2026-01-05 14:00:00,False,0.20985040558051954,146895.28390636368,0.7423620900447961,30.0,8.0,36.35431350671943,2026-01-05 22:00:00,2026-01-05
MAEU-9609,Cape,New Panamax,14000,366,2026-01-05 16:00:00,False,0.23806023362048506,166642.16353433955,0.7502835922806876,30.0,8.0,37.542538842103156,2026-01-06 00:00:00,2026-01-05
MAEU-9393,Cape,ULCV,20000,400,2026-01-05 19:00:00,False,0.26816848330717385,268168.4833071738,0.7572274810613593,30.0,8.0,38.5841221592039,2026-01-06 03:00:00,2026-01-05
MAEU-8970,Cape,New Panamax,14000,366,2026-01-05 19:00:00,False,0.23060934044068843,161426.5383084819,0.7535304218440103,30.0,8.0,38.02956327660155,2026-01-06 03:00:00,2026-01-05
MAEU-6732,Suez,ULCV,20000,400,2026-01-05 20:00:00,False,0.17482807655509347,174828.0765550935,0.7490551683435134,30.0,8.0,37.35827525152701,2026-01-06 04:00:00,2026-01-05
MAEU-4368,Suez,ULCV,20000,400,2026-01-05 21:00:00,False,0.28660292973835694,286602.92973835696,0.7586882348205624,30.0,8.0,38.80323522308436,2026-01-06 05:00:00,2026-01-05
MAEU-4572,Suez,ULCV,20000,400,2026-01-06 00:00:00,True,0.20435908486749496,204359.08486749497,0.7592335384388675,30.0,24.0,38.88503076583014,2026-01-07 00:00:00,2026-01-06
MAEU-2205,Suez,Feeder,5000,150,2026-01-06 06:00:00,True,0.1,25000.0,0.7673619577171563,30.0,24.0,40.10429365757345,2026-01-07 06:00:00,2026-01-06
MAEU-5757,Cape,New Panamax,14000,366,2026-01-06 17:00:00,True,0.24953060580250658,174671.4240617546,0.760639578192766,30.0,24.0,39.0959367289149,2026-01-07 17:00:00,2026-01-06
MAEU-6182,Suez,New Panamax,14000,366,2026-01-07 07:00:00,False,0.2253292515496864,157730.47608478047,0.7634959564887694,30.0,0.0,39.52439347331543,2026-01-07 07:00:00,2026-01-07
MAEU-6490,Cape,ULCV,20000,400,2026-01-07 14:00:00,False,0.22914715952171785,229147.15952171787,0.7696931602359812,30.0,0.0,40.45397403539719,2026-01-07 14:00:00,2026-01-07
MAEU-5524,Cape,New Panamax,14000,366,2026-01-07 15:00:00,False,0.23472616998939244,164308.3189925747,0.7786410652277101,30.0,0.0,41.79615978415653,2026-01-07 15:00:00,2026-01-07
MAEU-6232,Cape,New Panamax,14000,366,2026-01-07 17:00:00,False,0.22455179232318734,157186.25462623112,0.7753878680480506,30.0,0.0,41.3081802072076,2026-01-07 17:00:00,2026-01-07
MAEU-3482,Suez,New Panamax,14000,366,2026-01-07 18:00:00,False,0.20240804985739994,141685.63490017995,0.7798874914465317,30.0,0.0,41.98312371697976,2026-01-07 18:00:00,2026-01-07
MAEU-1688,Suez,Feeder,5000,150,2026-01-07 19:00:00,False,0.1,25000.0,0.780663751627324,30.0,0.0,42.09956274409861,2026-01-07 19:00:00,2026-01-07
MAEU-1054,Cape,New Panamax,14000,366,2026-01-08 17:00:00,False,0.2800490640017285,196034.34480120995,0.7718763301486534,30.0,0.0,40.78144952229802,2026-01-08 17:00:00,2026-01-08
MAEU-2481,Suez,New Panamax,14000,366,2026-01-08 18:00:00,False,0.24659993148585235,172619.95204009666,0.7756763248948323,30.0,0.0,41.35144873422485,2026-01-08 18:00:00,2026-01-08
MAEU-4335,Suez,ULCV,20000,400,2026-01-08 22:00:00,False,0.2919173193200449,291917.3193200449,0.7794782560595892,30.0,0.0,41.92173840893839,2026-01-08 22:00:00,2026-01-08
MAEU-8970,Cape,New Panamax,14000,366,2026-01-09 13:00:00,False,0.24047961032654694,168335.72722858284,0.78809039215652,30.0,0.0,43.213558823478,2026-01-09 13:00:00,2026-01-09
MAEU-8221,Suez,ULCV,20000,400,2026-01-09 14:00:00,False,0.23541652766452503,235416.52766452503,0.7880366410798995,30.0,0.0,43.205496161984925,2026-01-09 14:00:00,2026-01-09
MAEU-4675,Cape,Feeder,5000,150,2026-01-09 14:00:00,False,0.1,25000.0,0.7826416594941098,30.0,0.0,42.39624892411648,2026-01-09 14:00:00,2026-01-09
MAEU-6954,Suez,New Panamax,14000,366,2026-01-09 22:00:00,False,0.2507839115398093,175548.7380778665,0.7735329359630834,30.0,0.0,41.029940394462514,2026-01-09 22:00:00,2026-01-09
MAEU-9966,Suez,ULCV,20000,400,2026-01-10 00:00:00,False,0.1811829382719041,181182.9382719041,0.7718457796968015,30.0,0.0,40.77686695452023,2026-01-10 00:00:00,2026-01-10
MAEU-9705,Cape,New Panamax,14000,366,2026-01-10 00:00:00,False,0.27261653426076615,190831.57398253633,0.7678841136983515,30.0,0.0,40.18261705475273,2026-01-10 00:00:00,2026-01-10
MAEU-6619,Suez,Feeder,5000,150,2026-01-10 04:00:00,False,0.1,25000.0,0.7731058798188291,30.0,0.0,40.96588197282436,2026-01-10 04:00:00,2026-01-10
MAEU-4452,Suez,ULCV,20000,400,2026-01-10 18:00:00,False,0.2374562341454538,237456.2341454538,0.77019123511565,30.0,0.0,40.52868526734751,2026-01-10 18:00:00,2026-01-10
MAEU-6005,Suez,ULCV,20000,400,2026-01-10 22:00:00,False,0.284450372778168,284450.372778168,0.7791726590419469,30.0,0.0,41.87589885629204,2026-01-10 22:00:00,2026-01-10
MAEU-8083,Suez,New Panamax,14000,366,2026-01-11 02:00:00,False,0.2922679960443235,204587.59723102645,0.7884188631017026,30.0,0.0,43.2628294652554,2026-01-11 02:00:00,2026-01-11
MAEU-2409,Suez,New Panamax,14000,366,2026-01-11 02:00:00,False,0.23854424137722116,166980.96896405483,0.7908370349060567,30.0,0.0,43.625555235908514,2026-01-11 02:00:00,2026-01-11
MAEU-1804,Suez,New Panamax,14000,366,2026-01-11 05:00:00,False,0.266075178480201,186252.6249361407,0.7994102406463544,30.0,0.0,44.91153609695316,2026-01-11 05:00:00,2026-01-11
MAEU-3541,Cape,New Panamax,14000,366,2026-01-12 03:00:00,False,0.16984143166879956,118889.00216815968,0.8046273275366442,29.72236034780135,0.0,45.69409913049664,2026-01-12 03:00:00,2026-01-12
MAEU-9428,Cape,New Panamax,14000,366,2026-01-12 06:00:00,False,0.18270346612411298,127892.4262868791,0.8055645203561468,29.666128778631197,0.0,45.834678053422024,2026-01-12 06:00:00,2026-01-12
MAEU-3679,Suez,ULCV,20000,400,2026-01-12 13:00:00,False,0.22065981790407216,220659.81790407217,0.7991706790646024,30.0,0.0,44.87560185969036,2026-01-12 13:00:00,2026-01-12
MAEU-4186,Suez,ULCV,20000,400,2026-01-12 16:00:00,False,0.1903016039077419,190301.6039077419,0.7983426379348791,30.0,0.0,44.751395690231874,2026-01-12 16:00:00,2026-01-12
MAEU-3074,Suez,ULCV,20000,400,2026-01-13 05:00:00,False,0.25982768676885937,259827.68676885933,0.7995601272021315,30.0,0.0,44.934019080319736,2026-01-13 05:00:00,2026-01-13
MAEU-6475,Suez,New Panamax,14000,366,2026-01-13 08:00:00,False,0.1911082831030809,133775.79817215662,0.8068393588168318,29.589638470990096,0.0,46.02590382252477,2026-01-13 08:00:00,2026-01-13
MAEU-9996,Suez,New Panamax,14000,366,2026-01-13 10:00:00,False,0.27338758138675107,191371.30697072577,0.806466026347545,29.6120384191473,0.0,45.969903952131766,2026-01-13 10:00:00,2026-01-13
MAEU-8141,Suez,New Panamax,14000,366,2026-01-13 11:00:00,False,0.18096319076409048,126674.23353486334,0.8144195198011042,29.13482881193375,0.0,47.16292797016563,2026-01-13 11:00:00,2026-01-13
MAEU-7136,Cape,New Panamax,14000,366,2026-01-13 20:00:00,False,0.17630569179351743,123413.9842554622,0.8179064993815736,28.92561003710559,0.0,47.685974907236044,2026-01-13 20:00:00,2026-01-13
MAEU-3969,Cape,Feeder,5000,150,2026-01-13 20:00:00,False,0.1,25000.0,0.810646480642647,29.361211161441183,0.0,46.59697209639705,2026-01-13 20:00:00,2026-01-13
MAEU-6136,Cape,ULCV,20000,400,2026-01-14 00:00:00,False,0.22432369743092975,224323.69743092978,0.8205461080291488,28.76723351825107,24.0,48.081916204372334,2026-01-15 00:00:00,2026-01-14
MAEU-7212,Suez,Feeder,5000,150,2026-01-14 00:00:00,False,0.1,25000.0,0.8210907612442271,28.734554325346377,24.0,48.16361418663407,2026-01-15 00:00:00,2026-01-14
MAEU-1153,Cape,ULCV,20000,400,2026-01-14 01:00:00,False,0.16598973797006578,165989.73797006576,0.8189279271724087,28.86432436965548,24.0,47.83918907586131,2026-01-15 01:00:00,2026-01-14
MAEU-2333,Suez,New Panamax,14000,366,2026-01-14 01:00:00,False,0.20949740595780814,146648.18417046568,0.8221102024617992,28.67338785229205,24.0,48.31653036926989,2026-01-15 01:00:00,2026-01-14
MAEU-7185,Cape,New Panamax,14000,366,2026-01-14 06:00:00,False,0.1613900115554433,112973.00808881033,0.81428806874142,29.142715875514803,24.0,47.14321031121301,2026-01-15 06:00:00,2026-01-14
MAEU-5203,Cape,ULCV,20000,400,2026-01-14 11:00:00,False,0.29515490823106294,295154.90823106293,0.8170188416764871,28.978869499410777,24.0,47.552826251473064,2026-01-15 11:00:00,2026-01-14
MAEU-8101,Suez,Feeder,5000,150,2026-01-14 12:00:00,False,0.1,25000.0,0.8169835616864726,28.980986298811647,24.0,47.54753425297089,2026-01-15 12:00:00,2026-01-14
MAEU-7819,Suez,New Panamax,14000,366,2026-01-14 16:00:00,False,0.25822992916828585,180760.9504178001,0.8151170430864443,29.092977414813348,24.0,47.26755646296665,2026-01-15 16:00:00,2026-01-14
MAEU-7667,Cape,ULCV,20000,400,2026-01-14 18:00:00,False,0.19718948352141163,197189.48352141163,0.8241774435100223,28.549353389398664,24.0,48.626616526503355,2026-01-15 18:00:00,2026-01-14
MAEU-9942,Suez,New Panamax,14000,366,2026-01-14 19:00:00,False,0.17430208168373768,122011.45717861637,0.8246282378446633,28.522305729320202,24.0,48.694235676699506,2026-01-15 19:00:00,2026-01-14
MAEU-6490,Suez,ULCV,20000,400,2026-01-14 20:00:00,False,0.2755618486054544,275561.84860545443,0.8190105874340621,28.859364753956278,24.0,47.85158811510932,2026-01-15 20:00:00,2026-01-14
MAEU-5225,Suez,New Panamax,14000,366,2026-01-14 21:00:00,False,0.26070504246395554,182493.5297247689,0.8181898570216081,28.908608578703518,24.0,47.72847855324122,2026-01-15 21:00:00,2026-01-14
MAEU-6136,Suez,Feeder,5000,150,2026-01-15 09:00:00,False,0.1,25000.0,0.8265776051130616,28.40534369321631,0.0,48.98664076695924,2026-01-15 09:00:00,2026-01-15
MAEU-8982,Cape,New Panamax,14000,366,2026-01-15 11:00:00,False,0.23128514210675372,161899.59947472758,0.8200995145396734,28.794029127619595,0.0,48.01492718095102,2026-01-15 11:00:00,2026-01-15
MAEU-9820,Cape,ULCV,20000,400,2026-01-16 06:00:00,False,0.19460235110588261,194602.3511058826,0.8143786553134382,29.137280681193708,4.0,47.15679829701574,2026-01-16 10:00:00,2026-01-16
MAEU-9901,Suez,New Panamax,14000,366,2026-01-16 07:00:00,False,0.18745020132887788,131215.14093021452,0.8046392466685799,29.72164519988521,4.0,45.69588700028699,2026-01-16 11:00:00,2026-01-16
MAEU-4993,Suez,New Panamax,14000,366,2026-01-16 08:00:00,False,0.29160890095299197,204126.23066709438,0.7949230476564952,30.0,4.0,44.238457148474296,2026-01-16 12:00:00,2026-01-16
MAEU-5873,Suez,ULCV,20000,400,2026-01-16 15:00:00,False,0.28878724761234986,288787.24761234986,0.8015108801956655,29.90934718826007,4.0,45.22663202934984,2026-01-16 19:00:00,2026-01-16
MAEU-3708,Suez,New Panamax,14000,366,2026-01-16 16:00:00,False,0.2488175050066076,174172.25350462532,0.8061533323325246,29.630800060048525,4.0,45.9229998498787,2026-01-16 20:00:00,2026-01-16
MAEU-8124,Cape,ULCV,20000,400,2026-01-16 21:00:00,False,0.28732324463820624,287323.2446382062,0.8032541534615638,29.804750792306173,4.0,45.48812301923458,2026-01-17 01:00:00,2026-01-16
MAEU-2521,Cape,Feeder,5000,150,2026-01-16 22:00:00,False,0.1,25000.0,0.8072203766061152,29.56677740363309,4.0,46.083056490917286,2026-01-17 02:00:00,2026-01-16
MAEU-3419,Suez,New Panamax,14000,366,2026-01-17 06:00:00,False,0.2182715527554234,152790.08692879637,0.8051244951323147,29.69253029206112,0.0,45.7686742698472,2026-01-17 06:00:00,2026-01-17
MAEU-3667,Suez,New Panamax,14000,366,2026-01-17 12:00:00,False,0.16154298024438138,113080.08617106696,0.8141824310522712,29.149054136863732,0.0,47.12736465784069,2026-01-17 12:00:00,2026-01-17
MAEU-1614,Suez,New Panamax,14000,366,2026-01-17 16:00:00,False,0.24752510256648422,173267.57179653895,0.8235234846807918,28.58859091915249,0.0,48.52852270211878,2026-01-17 16:00:00,2026-01-17
MAEU-3983,Cape,New Panamax,14000,366,2026-01-17 22:00:00,False,0.21067281745227762,147470.97221659432,0.8213793601969787,28.717238388181283,0.0,48.206904029546806,2026-01-17 22:00:00,2026-01-17
MAEU-4810,Cape,ULCV,20000,400,2026-01-18 06:00:00,False,0.1514228150442747,151422.81504427473,0.828463798323796,28.29217210057224,0.0,49.26956974856941,2026-01-18 06:00:00,2026-01-18
MAEU-9684,Suez,New Panamax,14000,366,2026-01-18 09:00:00,False,0.2814998066793674,197049.86467555718,0.8339255791577453,27.964465250535284,0.0,50.088836873661805,2026-01-18 09:00:00,2026-01-18
MAEU-9930,Suez,New Panamax,14000,366,2026-01-18 09:00:00,False,0.29855119700126653,208985.83790088654,0.8301255779011811,28.192465325929135,0.0,49.51883668517718,2026-01-18 09:00:00,2026-01-18
MAEU-6468,Suez,Feeder,5000,150,2026-01-18 21:00:00,False,0.1,25000.0,0.8247663744792032,28.51401753124781,0.0,48.71495617188049,2026-01-18 21:00:00,2026-01-18
MAEU-9623,Cape,New Panamax,14000,366,2026-01-19 00:00:00,False,0.28655086530863016,200585.60571604111,0.8239310674870599,28.564135950776407,0.0,48.58966012305899,2026-01-19 00:00:00,2026-01-19
MAEU-4760,Suez,New Panamax,14000,366,2026-01-19 02:00:00,False,0.2200966149806479,154067.63048645353,0.829558044299348,28.226517342039124,0.0,49.4337066449022,2026-01-19 02:00:00,2026-01-19
MAEU-3033,Suez,New Panamax,14000,366,2026-01-19 03:00:00,False,0.25733299728513626,180133.09809959537,0.8387613999939229,27.67431600036463,0.0,50.81420999908843,2026-01-19 03:00:00,2026-01-19
MAEU-5361,Suez,Feeder,5000,150,2026-01-19 06:00:00,False,0.1,25000.0,0.8440329813712543,27.358021117724746,0.0,51.60494720568815,2026-01-19 06:00:00,2026-01-19
MAEU-9436,Suez,ULCV,20000,400,2026-01-19 11:00:00,False,0.2441258194827555,244125.81948275553,0.8511371210716216,26.931772735702705,0.0,52.67056816074326,2026-01-19 11:00:00,2026-01-19
MAEU-8274,Cape,New Panamax,14000,366,2026-01-20 01:00:00,True,0.20761359172368743,145329.51420658123,0.8531984071950319,26.808095568298086,32.0,52.9797610792548,2026-01-21 09:00:00,2026-01-20
MAEU-9056,Suez,ULCV,20000,400,2026-01-20 03:00:00,True,0.18273808317975962,182738.08317975962,0.8599065638118745,26.405606171287534,32.0,53.985984571781174,2026-01-21 11:00:00,2026-01-20
MAEU-7402,Cape,ULCV,20000,400,2026-01-20 05:00:00,True,0.27011545306948126,270115.4530694813,0.8655949809719429,26.06430114168343,32.0,54.83924714579143,2026-01-21 13:00:00,2026-01-20
MAEU-5805,Suez,Feeder,5000,150,2026-01-20 06:00:00,True,0.1,25000.0,0.8631346918104684,26.211918491371897,32.0,54.47020377157027,2026-01-21 14:00:00,2026-01-20
MAEU-9202,Suez,Feeder,5000,150,2026-01-20 12:00:00,True,0.1,25000.0,0.8641744978528828,26.149530128827035,32.0,54.626174677932426,2026-01-21 20:00:00,2026-01-20
MAEU-1726,Cape,New Panamax,14000,366,2026-01-20 16:00:00,True,0.22773905500145883,159417.33850102118,0.8702695602926767,25.783826382439404,32.0,55.540434043901506,2026-01-22 00:00:00,2026-01-20
MAEU-8878,Cape,Feeder,5000,150,2026-01-20 19:00:00,True,0.1,25000.0,0.8611906949764758,26.328558301411455,32.0,54.17860424647138,2026-01-22 03:00:00,2026-01-20
MAEU-8827,Cape,ULCV,20000,400,2026-01-20 21:00:00,True,0.24116051923182885,241160.51923182886,0.8673522806235924,25.95886316258446,32.0,55.10284209353887,2026-01-22 05:00:00,2026-01-20
MAEU-8657,Suez,New Panamax,14000,366,2026-01-21 02:00:00,False,0.2637357713556137,184615.0399489296,0.8609100431045729,26.34539741372563,0.0,54.13650646568594,2026-01-21 02:00:00,2026-01-21
MAEU-9194,Cape,New Panamax,14000,366,2026-01-21 02:00:00,False,0.1836660857754991,128566.26004284935,0.8612037154470017,26.327777073179902,0.0,54.18055731705026,2026-01-21 02:00:00,2026-01-21
MAEU-8490,Cape,New Panamax,14000,366,2026-01-21 08:00:00,False,0.1566564995299855,109659.54967098984,0.8673692242381205,25.957846545712776,0.0,55.10538363571808,2026-01-21 08:00:00,2026-01-21
MAEU-5675,Cape,ULCV,20000,400,2026-01-21 13:00:00,False,0.27901902246268856,279019.02246268856,0.8624456458012544,26.25326125192474,0.0,54.36684687018816,2026-01-21 13:00:00,2026-01-21
MAEU-1954,Suez,ULCV,20000,400,2026-01-22 01:00:00,False,0.2112679819606048,211267.9819606048,0.8573617945873775,26.558292324757353,0.0,53.60426918810663,2026-01-22 01:00:00,2026-01-22
MAEU-3162,Suez,New Panamax,14000,366,2026-01-22 02:00:00,False,0.20217138118532896,141519.96682973026,0.8554170825566225,26.67497504660265,0.0,53.312562383493386,2026-01-22 02:00:00,2026-01-22
MAEU-6370,Suez,New Panamax,14000,366,2026-01-22 04:00:00,False,0.15731753725097597,110122.27607568318,0.8633099385081752,26.201403689509494,0.0,54.49649077622628,2026-01-22 04:00:00,2026-01-22
MAEU-6233,Suez,ULCV,20000,400,2026-01-22 07:00:00,False,0.2824359403706192,282435.9403706192,0.8533187941369194,26.80087235178484,0.0,52.99781912053791,2026-01-22 07:00:00,2026-01-22
MAEU-4930,Cape,New Panamax,14000,366,2026-01-22 12:00:00,False,0.1900542405254132,133037.96836778923,0.861346456069758,26.319212635814523,0.0,54.20196841046371,2026-01-22 12:00:00,2026-01-22
MAEU-9228,Suez,New Panamax,14000,366,2026-01-22 15:00:00,False,0.2524888145489394,176742.1701842576,0.8544225965625901,26.734644206244596,0.0,53.163389484388524,2026-01-22 15:00:00,2026-01-22
MAEU-4239,Suez,Feeder,5000,150,2026-01-23 00:00:00,False,0.1,25000.0,0.8642243240839398,26.146540554963615,4.0,54.633648612590974,2026-01-23 04:00:00,2026-01-23
MAEU-1294,Cape,Feeder,5000,150,2026-01-23 01:00:00,False,0.1,25000.0,0.8733212639447091,25.600724163317455,4.0,55.99818959170637,2026-01-23 05:00:00,2026-01-23
MAEU-5286,Suez,New Panamax,14000,366,2026-01-23 05:00:00,False,0.17838323096775088,124868.2616774256,0.8732147677365347,25.60711393580792,4.0,55.982215160480216,2026-01-23 09:00:00,2026-01-23
MAEU-8561,Cape,Feeder,5000,150,2026-01-23 10:00:00,False,0.1,25000.0,0.8734691726927872,25.59184963843277,4.0,56.020375903918094,2026-01-23 14:00:00,2026-01-23
MAEU-2704,Suez,ULCV,20000,400,2026-01-23 12:00:00,False,0.2755519992545508,275551.9992545508,0.8731001594983043,25.613990430101744,4.0,55.96502392474565,2026-01-23 16:00:00,2026-01-23
MAEU-4998,Cape,ULCV,20000,400,2026-01-23 17:00:00,False,0.27269505361785934,272695.0536178593,0.8758090324114948,25.451458055310315,4.0,56.37135486172422,2026-01-23 21:00:00,2026-01-23
MAEU-1556,Suez,Feeder,5000,150,2026-01-23 18:00:00,False,0.1,25000.0,0.8676234664561934,25.9425920126284,4.0,55.14351996842901,2026-01-23 22:00:00,2026-01-23
MAEU-6352,Suez,ULCV,20000,400,2026-01-24 01:00:00,False,0.2012808249058029,201280.8249058029,0.8582758254230247,26.503450474618518,8.0,53.74137381345371,2026-01-24 09:00:00,2026-01-24
MAEU-2265,Cape,New Panamax,14000,366,2026-01-24 03:00:00,False,0.19514453504202242,136601.1745294157,0.8494298839913427,27.03420696051944,8.0,52.41448259870141,2026-01-24 11:00:00,2026-01-24
MAEU-5811,Cape,New Panamax,14000,366,2026-01-24 03:00:00,False,0.24713604651028612,172995.23255720027,0.848317190976173,27.100968541429623,8.0,52.24757864642595,2026-01-24 11:00:00,2026-01-24
MAEU-2136,Suez,New Panamax,14000,366,2026-01-24 08:00:00,False,0.24477202905250026,171340.4203367502,0.8438281497605626,27.370311014366244,8.0,51.5742224640844,2026-01-24 16:00:00,2026-01-24
MAEU-5543,Suez,New Panamax,14000,366,2026-01-24 12:00:00,False,0.26697680927267153,186883.7664908701,0.8462689410079826,27.223863539521048,8.0,51.94034115119739,2026-01-24 20:00:00,2026-01-24
MAEU-7353,Cape,New Panamax,14000,366,2026-01-24 17:00:00,False,0.29852225591259707,208965.57913881794,0.8561177867954781,26.632932792271315,8.0,53.417668019321724,2026-01-25 01:00:00,2026-01-24
MAEU-6084,Cape,New Panamax,14000,366,2026-01-24 21:00:00,False,0.29058427308546764,203408.99115982733,0.8538442502570074,26.76934498457956,8.0,53.07663753855111,2026-01-25 05:00:00,2026-01-24
MAEU-9073,Cape,New Panamax,14000,366,2026-01-24 21:00:00,False,0.2018824585429435,141317.72098006046,0.8553210753390976,26.680735479654146,8.0,53.29816130086465,2026-01-25 05:00:00,2026-01-24
MAEU-8027,Cape,New Panamax,14000,366,2026-01-25 01:00:00,False,0.26592341700252065,186146.39190176444,0.8536331532572443,26.782010804565346,0.0,53.04497298858665,2026-01-25 01:00:00,2026-01-25
MAEU-4356,Cape,New Panamax,14000,366,2026-01-25 03:00:00,False,0.21392719533539595,149749.03673477715,0.8605785866116815,26.36528480329911,0.0,54.08678799175223,2026-01-25 03:00:00,2026-01-25
MAEU-9220,Suez,New Panamax,14000,366,2026-01-25 10:00:00,False,0.27322694211111614,191258.8594777813,0.8686233146809262,25.88260111914443,0.0,55.293497202138944,2026-01-25 10:00:00,2026-01-25
MAEU-1038,Cape,New Panamax,14000,366,2026-01-25 14:00:00,False,0.2692214323124894,188455.00261874258,0.8761704269250314,25.429774384498117,0.0,56.42556403875472,2026-01-25 14:00:00,2026-01-25
MAEU-6626,Suez,Feeder,5000,150,2026-01-26 00:00:00,False,0.1,25000.0,0.8856578716986165,24.86052769808301,8.0,57.84868075479248,2026-01-26 08:00:00,2026-01-26
MAEU-5179,Suez,Feeder,5000,150,2026-01-26 05:00:00,False,0.1,25000.0,0.8762082554014249,25.42750467591451,8.0,56.43123831021374,2026-01-26 13:00:00,2026-01-26
MAEU-4610,Cape,New Panamax,14000,366,2026-01-26 07:00:00,False,0.17388686074188967,121720.80251932278,0.8830045786443355,25.019725281339873,8.0,57.450686796650324,2026-01-26 15:00:00,2026-01-26
MAEU-4056,Cape,ULCV,20000,400,2026-01-26 11:00:00,False,0.23441254295150737,234412.54295150738,0.8880400221051173,24.71759867369296,8.0,58.2060033157676,2026-01-26 19:00:00,2026-01-26
MAEU-1933,Cape,New Panamax,14000,366,2026-01-26 14:00:00,False,0.2618755518046446,183312.88626325122,0.8826139102931246,25.043165382412525,8.0,57.3920865439687,2026-01-26 22:00:00,2026-01-26
MAEU-4778,Suez,ULCV,20000,400,2026-01-26 16:00:00,False,0.29448549801601975,294485.49801601976,0.8917403121608752,24.49558127034749,8.0,58.76104682413129,2026-01-27 00:00:00,2026-01-26
MAEU-1988,Suez,ULCV,20000,400,2026-01-26 20:00:00,False,0.28642867664217275,286428.67664217274,0.8847038707254742,24.91776775647155,8.0,57.70558060882114,2026-01-27 04:00:00,2026-01-26
MAEU-4676,Cape,ULCV,20000,400,2026-01-26 20:00:00,False,0.1730487057241669,173048.70572416688,0.8882948692681524,24.70230784391086,8.0,58.24423039022287,2026-01-27 04:00:00,2026-01-26
MAEU-6655,Suez,New Panamax,14000,366,2026-01-27 02:00:00,False,0.17781883120149813,124473.1818410487,0.8827926736044707,25.03243958373176,0.0,57.418901040670605,2026-01-27 02:00:00,2026-01-27
MAEU-7342,Suez,New Panamax,14000,366,2026-01-27 02:00:00,False,0.2695196741796041,188663.77192572286,0.8814202865799522,25.11478280520287,0.0,57.21304298699283,2026-01-27 02:00:00,2026-01-27
MAEU-2875,Suez,New Panamax,14000,366,2026-01-27 03:00:00,False,0.23376190088747967,163633.33062123577,0.8858034845188436,24.851790928869384,0.0,57.87052267782655,2026-01-27 03:00:00,2026-01-27
MAEU-8099,Cape,ULCV,20000,400,2026-01-27 21:00:00,False,0.23729571028715982,237295.71028715983,0.8870699773595045,24.77580135842973,0.0,58.060496603925685,2026-01-27 21:00:00,2026-01-27
MAEU-4496,Suez,Feeder,5000,150,2026-01-28 07:00:00,False,0.1,25000.0,0.8856200139860668,24.862799160835994,4.0,57.84300209791003,2026-01-28 11:00:00,2026-01-28
MAEU-4762,Cape,New Panamax,14000,366,2026-01-28 08:00:00,False,0.1863067523793791,130414.72666556538,0.8821467826047066,25.071193043717606,4.0,57.322017390705994,2026-01-28 12:00:00,2026-01-28
MAEU-3720,Cape,New Panamax,14000,366,2026-01-28 09:00:00,False,0.2663707103689434,186459.49725826038,0.8889399757188824,24.66360145686706,4.0,58.34099635783237,2026-01-28 13:00:00,2026-01-28
MAEU-7154,Suez,New Panamax,14000,366,2026-01-28 12:00:00,False,0.2635588901416835,184491.22309917843,0.8818162627251787,25.091024236489282,4.0,57.272439408776805,2026-01-28 16:00:00,2026-01-28
MAEU-9586,Suez,Feeder,5000,150,2026-01-28 12:00:00,False,0.1,25000.0,0.8804183202557747,25.17490078465352,4.0,57.06274803836621,2026-01-28 16:00:00,2026-01-28
MAEU-6791,Cape,Feeder,5000,150,2026-01-28 14:00:00,False,0.1,25000.0,0.8884934716912776,24.69039169852335,4.0,58.274020753691644,2026-01-28 18:00:00,2026-01-28
MAEU-9465,Suez,ULCV,20000,400,2026-01-28 17:00:00,False,0.22199082520756852,221990.8252075685,0.895410462700477,24.275372237971386,4.0,59.31156940507155,2026-01-28 21:00:00,2026-01-28
MAEU-7368,Suez,ULCV,20000,400,2026-01-29 00:00:00,False,0.28238002287294,282380.02287294006,0.8934292979499379,24.394242123003732,28.0,59.01439469249068,2026-01-30 04:00:00,2026-01-29
MAEU-1021,Cape,New Panamax,14000,366,2026-01-29 02:00:00,False,0.15611311591387092,109279.18113970963,0.8986914652219641,24.078512086682156,28.0,59.80371978329462,2026-01-30 06:00:00,2026-01-29
MAEU-9941,Cape,New Panamax,14000,366,2026-01-29 03:00:00,False,0.2616418598392433,183149.30188747033,0.9051546818361412,23.69071908983153,28.0,60.77320227542119,2026-01-30 07:00:00,2026-01-29
MAEU-3056,Suez,Feeder,5000,150,2026-01-29 05:00:00,False,0.1,25000.0,0.9129324303162138,23.22405418102717,28.0,61.93986454743208,2026-01-30 09:00:00,2026-01-29
MAEU-9442,Cape,New Panamax,14000,366,2026-01-29 06:00:00,False,0.2491230177448876,174386.1124214213,0.9138225456971985,23.170647258168096,28.0,62.07338185457977,2026-01-30 10:00:00,2026-01-29
MAEU-2895,Suez,New Panamax,14000,366,2026-01-29 10:00:00,False,0.1686329950092089,118043.09650644622,0.9079117634182927,23.52529419490244,28.0,61.18676451274391,2026-01-30 14:00:00,2026-01-29
MAEU-5109,Cape,ULCV,20000,400,2026-01-29 10:00:00,False,0.25872398398110874,258723.98398110873,0.9030179449483714,23.81892330309772,28.0,60.452691742255716,2026-01-30 14:00:00,2026-01-29
MAEU-2560,Cape,New Panamax,14000,366,2026-01-29 12:00:00,False,0.2423613032913364,169652.91230393547,0.8989318384292034,24.064089694247798,28.0,59.83977576438052,2026-01-30 16:00:00,2026-01-29
MAEU-8014,Suez,New Panamax,14000,366,2026-01-29 13:00:00,False,0.2539790911234021,177785.3637863815,0.9008078880453958,23.951526717276256,28.0,60.12118320680938,2026-01-30 17:00:00,2026-01-29
MAEU-1552,Suez,New Panamax,14000,366,2026-01-29 17:00:00,False,0.29028027229491893,203196.19060644324,0.891464080527968,24.51215516832192,28.0,58.7196120791952,2026-01-30 21:00:00,2026-01-29
MAEU-4389,Cape,Feeder,5000,150,2026-01-29 19:00:00,False,0.1,25000.0,0.8941849299035673,24.348904205785963,28.0,59.12773948553511,2026-01-30 23:00:00,2026-01-29
MAEU-7732,Suez,ULCV,20000,400,2026-01-29 19:00:00,False,0.2036702026392407,203670.2026392407,0.891472014672132,24.51167911967208,28.0,58.720802200819804,2026-01-30 23:00:00,2026-01-29
MAEU-1105,Suez,Feeder,5000,150,2026-01-29 22:00:00,False,0.1,25000.0,0.8873768507219248,24.757388956684512,28.0,58.10652760828873,2026-01-31 02:00:00,2026-01-29
MAEU-9946,Cape,Feeder,5000,150,2026-01-30 02:00:00,False,0.1,25000.0,0.8949667821364874,24.30199307181076,0.0,59.24501732047312,2026-01-30 02:00:00,2026-01-30
MAEU-9595,Cape,New Panamax,14000,366,2026-01-30 04:00:00,False,0.20189024888204443,141323.1742174311,0.8941668300481034,24.3499901971138,0.0,59.125024507215514,2026-01-30 04:00:00,2026-01-30
MAEU-1661,Cape,New Panamax,14000,366,2026-01-30 04:00:00,False,0.29945008740851126,209615.0611859579,0.8860678909587573,24.835926542474567,0.0,57.910183643813596,2026-01-30 04:00:00,2026-01-30
MAEU-1306,Suez,New Panamax,14000,366,2026-01-30 11:00:00,False,0.23330453264064469,163313.1728484513,0.8926028263192822,24.44383042084307,0.0,58.890423947892344,2026-01-30 11:00:00,2026-01-30
MAEU-7078,Cape,ULCV,20000,400,2026-01-30 14:00:00,False,0.18865243327668205,188652.43327668204,0.8835556514680124,24.98666091191926,0.0,57.53334772020187,2026-01-30 14:00:00,2026-01-30
MAEU-8005,Cape,New Panamax,14000,366,2026-01-30 20:00:00,False,0.25907536046494617,181352.75232546232,0.8880906359513764,24.71456184291742,0.0,58.213595392706466,2026-01-30 20:00:00,2026-01-30
MAEU-8904,Cape,Feeder,5000,150,2026-01-31 02:00:00,False,0.1,25000.0,0.8935687603867897,24.38587437679262,0.0,59.03531405801846,2026-01-31 02:00:00,2026-01-31
MAEU-6631,Suez,New Panamax,14000,366,2026-01-31 03:00:00,False,0.2810134857122491,196709.43999857435,0.8906208125053668,24.56275124967799,0.0,58.59312187580503,2026-01-31 03:00:00,2026-01-31
MAEU-5703,Suez,Feeder,5000,150,2026-01-31 08:00:00,False,0.1,25000.0,0.8971165696309226,24.17300582214465,0.0,59.56748544463839,2026-01-31 08:00:00,2026-01-31
MAEU-4714,Cape,New Panamax,14000,366,2026-01-31 12:00:00,False,0.21987192105303727,153910.34473712608,0.8974297577480517,24.154214535116903,0.0,59.614463662207754,2026-01-31 12:00:00,2026-01-31
MAEU-7295,Suez,Feeder,5000,150,2026-01-31 17:00:00,False,0.1,25000.0,0.8966956308135076,24.19826215118955,0.0,59.50434462202614,2026-01-31 17:00:00,2026-01-31
MAEU-2394,Cape,Feeder,5000,150,2026-01-31 21:00:00,False,0.1,25000.0,0.8876036964428814,24.74377821342712,0.0,58.14055446643222,2026-01-31 21:00:00,2026-01-31
MAEU-5599,Suez,New Panamax,14000,366,2026-02-01 06:00:00,False,0.20388500540996485,142719.50378697537,0.8834042803158595,24.995743181048432,0.0,57.51064204737893,2026-02-01 06:00:00,2026-02-01
MAEU-1525,Suez,New Panamax,14000,366,2026-02-01 13:00:00,False,0.22689228078087076,158824.59654660954,0.8920244797335655,24.478531215986074,0.0,58.803671960034826,2026-02-01 13:00:00,2026-02-01
MAEU-5648,Suez,New Panamax,14000,366,2026-02-01 21:00:00,False,0.2806124851908767,196428.7396336137,0.8898609589992355,24.608342460045876,0.0,58.479143849885325,2026-02-01 21:00:00,2026-02-01
MAEU-9219,Suez,ULCV,20000,400,2026-02-02 01:00:00,False,0.27869793808840587,278697.9380884059,0.8907949694103708,24.55230183537775,8.0,58.61924541155563,2026-02-02 09:00:00,2026-02-02
MAEU-6724,Suez,New Panamax,14000,366,2026-02-02 09:00:00,False,0.2504085602189042,175285.99215323292,0.8914354029900559,24.513875820596652,8.0,58.71531044850839,2026-02-02 17:00:00,2026-02-02
MAEU-4374,Suez,Feeder,5000,150,2026-02-02 10:00:00,False,0.1,25000.0,0.8932440247865098,24.405358512809418,8.0,58.98660371797647,2026-02-02 18:00:00,2026-02-02
MAEU-4192,Cape,ULCV,20000,400,2026-02-02 10:00:00,False,0.26046030225984607,260460.30225984604,0.8844706438993755,24.931761366037474,8.0,57.67059658490633,2026-02-02 18:00:00,2026-02-02
MAEU-6543,Suez,ULCV,20000,400,2026-02-02 11:00:00,False,0.16963104910775248,169631.04910775248,0.88171416899535,25.097149860279,8.0,57.25712534930251,2026-02-02 19:00:00,2026-02-02
MAEU-1629,Suez,Feeder,5000,150,2026-02-02 13:00:00,False,0.1,25000.0,0.8861767344730012,24.829395931619935,8.0,57.92651017095018,2026-02-02 21:00:00,2026-02-02
MAEU-7276,Cape,ULCV,20000,400,2026-02-02 19:00:00,False,0.23818265566655802,238182.655666558,0.8801879394944608,25.18872363033235,8.0,57.02819092416913,2026-02-03 03:00:00,2026-02-02
MAEU-1575,Cape,Feeder,5000,150,2026-02-02 21:00:00,False,0.1,25000.0,0.874259507045388,25.544429577276723,8.0,56.13892605680821,2026-02-03 05:00:00,2026-02-02
MAEU-1281,Suez,ULCV,20000,400,2026-02-03 00:00:00,False,0.16831648710150401,168316.487101504,0.8644613191791685,26.132320849249894,16.0,54.66919787687527,2026-02-03 16:00:00,2026-02-03
MAEU-1125,Cape,Feeder,5000,150,2026-02-03 01:00:00,False,0.1,25000.0,0.8632109577113326,26.207342537320045,16.0,54.4816436566999,2026-02-03 17:00:00,2026-02-03
MAEU-6178,Suez,New Panamax,14000,366,2026-02-03 04:00:00,False,0.16549634356860235,115847.44049802163,0.870865645324801,25.74806128051194,16.0,55.629846798720166,2026-02-03 20:00:00,2026-02-03
MAEU-4568,Suez,New Panamax,14000,366,2026-02-03 11:00:00,False,0.21695529697688784,151868.70788382148,0.8619036641965472,26.285780148207174,16.0,54.285549629482084,2026-02-04 03:00:00,2026-02-03
MAEU-2925,Suez,Feeder,5000,150,2026-02-03 11:00:00,False,0.1,25000.0,0.8557260383864672,26.65643769681197,16.0,53.35890575797009,2026-02-04 03:00:00,2026-02-03
MAEU-7294,Cape,New Panamax,14000,366,2026-02-03 12:00:00,False,0.17153135430590893,120071.94801413626,0.8519277291533223,26.884336250800665,16.0,52.78915937299835,2026-02-04 04:00:00,2026-02-03
MAEU-6342,Cape,New Panamax,14000,366,2026-02-03 14:00:00,False,0.22825950699543196,159781.65489680236,0.8565622238846066,26.60626656692361,16.0,53.484333582690994,2026-02-04 06:00:00,2026-02-03
MAEU-2939,Suez,New Panamax,14000,366,2026-02-03 17:00:00,False,0.29800394705357425,208602.76293750198,0.8593749357406583,26.437503855560507,16.0,53.906240361098746,2026-02-04 09:00:00,2026-02-03
MAEU-5585,Cape,New Panamax,14000,366,2026-02-03 19:00:00,False,0.297994518443827,208596.16291067892,0.8576938138322954,26.53837117006228,16.0,53.65407207484431,2026-02-04 11:00:00,2026-02-03
MAEU-1891,Cape,Feeder,5000,150,2026-02-03 22:00:00,False,0.1,25000.0,0.8628751926174629,26.22748844295223,16.0,54.431278892619446,2026-02-04 14:00:00,2026-02-03
MAEU-7812,Suez,ULCV,20000,400,2026-02-04 05:00:00,False,0.2802213381566258,280221.3381566258,0.865067812850601,26.095931228963945,0.0,54.76017192759015,2026-02-04 05:00:00,2026-02-04
MAEU-8705,Cape,New Panamax,14000,366,2026-02-04 07:00:00,False,0.2796913253932555,195783.92777527883,0.8729886288437454,25.62068226937528,0.0,55.948294326561815,2026-02-04 07:00:00,2026-02-04
MAEU-6238,Cape,ULCV,20000,400,2026-02-04 10:00:00,False,0.25248720424344684,252487.20424344682,0.8793491638265193,25.239050170408845,0.0,56.902374573977895,2026-02-04 10:00:00,2026-02-04
MAEU-6704,Cape,ULCV,20000,400,2026-02-05 00:00:00,False,0.21103619410843058,211036.1941084306,0.8744054359483033,25.535673843101804,20.0,56.16081539224551,2026-02-05 20:00:00,2026-02-05
MAEU-4291,Cape,ULCV,20000,400,2026-02-05 01:00:00,False,0.29991205886559996,299912.0588656,0.8698342075009874,25.80994754994076,20.0,55.47513112514811,2026-02-05 21:00:00,2026-02-05
MAEU-8114,Cape,New Panamax,14000,366,2026-02-05 03:00:00,False,0.24757674716875736,173303.72301813014,0.8623413370168351,26.259519778989894,20.0,54.35120055252528,2026-02-05 23:00:00,2026-02-05
MAEU-2667,Cape,Feeder,5000,150,2026-02-05 05:00:00,False,0.1,25000.0,0.8590806315311843,26.455162108128945,20.0,53.86209472967765,2026-02-06 01:00:00,2026-02-05
MAEU-2388,Cape,New Panamax,14000,366,2026-02-05 10:00:00,False,0.20635083778225896,144445.58644758127,0.8690715099055661,25.855709405666033,20.0,55.36072648583493,2026-02-06 06:00:00,2026-02-05
MAEU-4828,Cape,Feeder,5000,150,2026-02-05 12:00:00,False,0.1,25000.0,0.8671865332778673,25.968808003327965,20.0,55.07797999168011,2026-02-06 08:00:00,2026-02-05
MAEU-5440,Suez,ULCV,20000,400,2026-02-05 13:00:00,False,0.28780166954902564,287801.66954902565,0.8615963019716495,26.304221881701032,20.0,54.23944529574743,2026-02-06 09:00:00,2026-02-05
MAEU-5806,Cape,New Panamax,14000,366,2026-02-05 14:00:00,False,0.2543200810034793,178024.0567024355,0.8668459596611605,25.98924242033037,20.0,55.02689394917408,2026-02-06 10:00:00,2026-02-05
MAEU-4124,Cape,New Panamax,14000,366,2026-02-05 15:00:00,False,0.2476849465562238,173379.46258935667,0.8676953797304137,25.938277216175184,20.0,55.15430695956206,2026-02-06 11:00:00,2026-02-05
MAEU-4553,Cape,New Panamax,14000,366,2026-02-05 17:00:00,False,0.28168367385619913,197178.57169933937,0.8606874087209527,26.35875547674284,20.0,54.103111308142914,2026-02-06 13:00:00,2026-02-05
MAEU-1454,Cape,New Panamax,14000,366,2026-02-05 20:00:00,False,0.19868787448504055,139081.51213952838,0.8583012023441701,26.5019278593498,20.0,53.74518035162552,2026-02-06 16:00:00,2026-02-05
MAEU-3863,Cape,Feeder,5000,150,2026-02-06 01:00:00,False,0.1,25000.0,0.8674458994995635,25.953246030026193,0.0,55.11688492493454,2026-02-06 01:00:00,2026-02-06
MAEU-8010,Suez,ULCV,20000,400,2026-02-06 07:00:00,False,0.25023191978325243,250231.91978325244,0.8799841965052557,25.20094820968466,0.0,56.997629475788365,2026-02-06 07:00:00,2026-02-06
MAEU-3989,Suez,New Panamax,14000,366,2026-02-06 08:00:00,False,0.20696786702688447,144877.50691881913,0.8851909101941747,24.88854538834952,0.0,57.77863652912622,2026-02-06 08:00:00,2026-02-06
MAEU-2177,Cape,New Panamax,14000,366,2026-02-06 11:00:00,False,0.1723487783955292,120644.14487687044,0.8928811066621578,24.427133600270533,0.0,58.93216599932368,2026-02-06 11:00:00,2026-02-06
MAEU-9927,Suez,New Panamax,14000,366,2026-02-06 16:00:00,False,0.21666291791268022,151664.04253887615,0.9030570696753131,23.81657581948122,0.0,60.45856045129697,2026-02-06 16:00:00,2026-02-06
MAEU-7894,Cape,New Panamax,14000,366,2026-02-07 02:00:00,False,0.23713980798941964,165997.86559259376,0.9107455370998415,23.355267774009512,20.0,61.61183056497623,2026-02-07 22:00:00,2026-02-07
MAEU-8052,Cape,Feeder,5000,150,2026-02-07 06:00:00,False,0.1,25000.0,0.9220298775740315,22.67820734555811,20.0,63.30448163610474,2026-02-08 02:00:00,2026-02-07
MAEU-9105,Cape,New Panamax,14000,366,2026-02-07 09:00:00,False,0.28766287337570656,201364.01136299458,0.9318485523667777,22.089086857993344,20.0,64.77728285501667,2026-02-08 05:00:00,2026-02-07
MAEU-7787,Cape,ULCV,20000,400,2026-02-07 10:00:00,False,0.1684833981258249,168483.39812582493,0.9404656549153735,21.572060705077593,20.0,66.06984823730602,2026-02-08 06:00:00,2026-02-07
MAEU-7570,Suez,New Panamax,14000,366,2026-02-07 12:00:00,False,0.2733590128225587,191351.3089757911,0.95,21.000000000000007,20.0,67.5,2026-02-08 08:00:00,2026-02-07
MAEU-5431,Suez,New Panamax,14000,366,2026-02-07 14:00:00,False,0.16069204050827457,112484.42835579219,0.95,21.000000000000007,20.0,67.5,2026-02-08 10:00:00,2026-02-07
MAEU-9234,Suez,ULCV,20000,400,2026-02-07 15:00:00,False,0.23241213576456798,232412.135764568,0.95,21.000000000000007,20.0,67.5,2026-02-08 11:00:00,2026-02-07
MAEU-1963,Cape,ULCV,20000,400,2026-02-07 15:00:00,False,0.2284627086872677,228462.7086872677,0.95,21.000000000000007,20.0,67.5,2026-02-08 11:00:00,2026-02-07
MAEU-9906,Suez,Feeder,5000,150,2026-02-07 18:00:00,False,0.1,25000.0,0.95,21.000000000000007,20.0,67.5,2026-02-08 14:00:00,2026-02-07
MAEU-1140,Suez,ULCV,20000,400,2026-02-07 21:00:00,False,0.17918374847779514,179183.74847779513,0.95,21.000000000000007,20.0,67.5,2026-02-08 17:00:00,2026-02-07
MAEU-2798,Cape,New Panamax,14000,366,2026-02-07 21:00:00,False,0.23253398132343925,162773.78692640748,0.95,21.000000000000007,20.0,67.5,2026-02-08 17:00:00,2026-02-07
MAEU-4225,Suez,New Panamax,14000,366,2026-02-08 04:00:00,True,0.19530907527521926,136716.35269265348,0.95,21.000000000000007,28.0,67.5,2026-02-09 08:00:00,2026-02-08
MAEU-4683,Suez,New Panamax,14000,366,2026-02-08 06:00:00,True,0.2501324848937206,175092.7394256044,0.95,21.000000000000007,28.0,67.5,2026-02-09 10:00:00,2026-02-08
MAEU-4097,Suez,New Panamax,14000,366,2026-02-08 08:00:00,True,0.246990887013429,172893.6209094003,0.95,21.000000000000007,28.0,67.5,2026-02-09 12:00:00,2026-02-08
MAEU-6752,Suez,ULCV,20000,400,2026-02-08 09:00:00,True,0.28500346850970165,285003.46850970166,0.95,21.000000000000007,28.0,67.5,2026-02-09 13:00:00,2026-02-08
MAEU-1482,Cape,ULCV,20000,400,2026-02-08 11:00:00,True,0.2794195616314843,279419.5616314843,0.95,21.000000000000007,28.0,67.5,2026-02-09 15:00:00,2026-02-08
MAEU-4040,Cape,ULCV,20000,400,2026-02-08 22:00:00,True,0.2379912694763211,237991.2694763211,0.95,21.000000000000007,28.0,67.5,2026-02-10 02:00:00,2026-02-08
MAEU-7284,Suez,New Panamax,14000,366,2026-02-08 22:00:00,True,0.24569778086899463,171988.44660829625,0.95,21.000000000000007,28.0,67.5,2026-02-10 02:00:00,2026-02-08
MAEU-8421,Suez,New Panamax,14000,366,2026-02-09 01:00:00,False,0.1911810381000188,133826.72667001316,0.95,21.000000000000007,20.0,67.5,2026-02-09 21:00:00,2026-02-09
MAEU-8843,Cape,New Panamax,14000,366,2026-02-09 02:00:00,False,0.2101781871058474,147124.73097409317,0.95,21.000000000000007,20.0,67.5,2026-02-09 22:00:00,2026-02-09
MAEU-3428,Cape,New Panamax,14000,366,2026-02-09 02:00:00,False,0.17854872942286015,124984.1105960021,0.95,21.000000000000007,20.0,67.5,2026-02-09 22:00:00,2026-02-09
MAEU-4713,Cape,New Panamax,14000,366,2026-02-09 04:00:00,False,0.16048974085641513,112342.81859949058,0.95,21.000000000000007,20.0,67.5,2026-02-10 00:00:00,2026-02-09
MAEU-7780,Cape,New Panamax,14000,366,2026-02-09 06:00:00,False,0.2586775277097927,181074.26939685488,0.95,21.000000000000007,20.0,67.5,2026-02-10 02:00:00,2026-02-09
MAEU-8397,Cape,New Panamax,14000,366,2026-02-09 07:00:00,False,0.24763160535707912,173342.12374995538,0.95,21.000000000000007,20.0,67.5,2026-02-10 03:00:00,2026-02-09
MAEU-9841,Suez,ULCV,20000,400,2026-02-09 08:00:00,False,0.2086358993858272,208635.8993858272,0.95,21.000000000000007,20.0,67.5,2026-02-10 04:00:00,2026-02-09
MAEU-6189,Cape,New Panamax,14000,366,2026-02-09 08:00:00,False,0.24257336750934702,169801.3572565429,0.95,21.000000000000007,20.0,67.5,2026-02-10 04:00:00,2026-02-09
MAEU-7764,Cape,New Panamax,14000,366,2026-02-09 13:00:00,False,0.18973431708551,132814.021959857,0.95,21.000000000000007,20.0,67.5,2026-02-10 09:00:00,2026-02-09
MAEU-3852,Suez,ULCV,20000,400,2026-02-09 14:00:00,False,0.18453692526418047,184536.92526418046,0.95,21.000000000000007,20.0,67.5,2026-02-10 10:00:00,2026-02-09
MAEU-3349,Cape,ULCV,20000,400,2026-02-09 18:00:00,False,0.24048291153200582,240482.9115320058,0.95,21.000000000000007,20.0,67.5,2026-02-10 14:00:00,2026-02-09
MAEU-4874,Suez,New Panamax,14000,366,2026-02-10 01:00:00,False,0.2169528526796463,151866.99687575243,0.95,21.000000000000007,0.0,67.5,2026-02-10 01:00:00,2026-02-10
MAEU-1661,Suez,New Panamax,14000,366,2026-02-10 11:00:00,False,0.16331510911616526,114320.57638131568,0.95,21.000000000000007,0.0,67.5,2026-02-10 11:00:00,2026-02-10
MAEU-8446,Cape,New Panamax,14000,366,2026-02-10 18:00:00,False,0.1728624019995626,121003.68139969383,0.95,21.000000000000007,0.0,67.5,2026-02-10 18:00:00,2026-02-10
MAEU-4719,Cape,New Panamax,14000,366,2026-02-10 19:00:00,False,0.2212329815259328,154863.08706815296,0.95,21.000000000000007,0.0,67.5,2026-02-10 19:00:00,2026-02-10
MAEU-4374,Cape,Feeder,5000,150,2026-02-10 22:00:00,False,0.1,25000.0,0.95,21.000000000000007,0.0,67.5,2026-02-10 22:00:00,2026-02-10
MAEU-3493,Cape,New Panamax,14000,366,2026-02-10 22:00:00,False,0.2634244993342869,184397.14953400084,0.95,21.000000000000007,0.0,67.5,2026-02-10 22:00:00,2026-02-10
MAEU-9555,Suez,Feeder,5000,150,2026-02-11 00:00:00,False,0.1,25000.0,0.95,21.000000000000007,0.0,67.5,2026-02-11 00:00:00,2026-02-11
MAEU-8121,Suez,New Panamax,14000,366,2026-02-11 07:00:00,False,0.2632905630745212,184303.39415216484,0.95,21.000000000000007,0.0,67.5,2026-02-11 07:00:00,2026-02-11
MAEU-3785,Cape,ULCV,20000,400,2026-02-11 13:00:00,False,0.16764735427103378,167647.35427103378,0.95,21.000000000000007,0.0,67.5,2026-02-11 13:00:00,2026-02-11
MAEU-1148,Suez,Feeder,5000,150,2026-02-11 19:00:00,False,0.1,25000.0,0.95,21.000000000000007,0.0,67.5,2026-02-11 19:00:00,2026-02-11
MAEU-2689,Suez,New Panamax,14000,366,2026-02-12 03:00:00,False,0.2810004992585772,196700.349481004,0.95,21.000000000000007,8.0,67.5,2026-02-12 11:00:00,2026-02-12
MAEU-8629,Cape,Feeder,5000,150,2026-02-12 05:00:00,False,0.1,25000.0,0.95,21.000000000000007,8.0,67.5,2026-02-12 13:00:00,2026-02-12
MAEU-8693,Cape,ULCV,20000,400,2026-02-12 08:00:00,False,0.19837919667696227,198379.19667696225,0.95,21.000000000000007,8.0,67.5,2026-02-12 16:00:00,2026-02-12
MAEU-9435,Cape,New Panamax,14000,366,2026-02-12 09:00:00,False,0.22517294987730144,157621.064914111,0.95,21.000000000000007,8.0,67.5,2026-02-12 17:00:00,2026-02-12
MAEU-9597,Suez,ULCV,20000,400,2026-02-12 10:00:00,False,0.236188107347665,236188.10734766498,0.95,21.000000000000007,8.0,67.5,2026-02-12 18:00:00,2026-02-12
MAEU-3496,Suez,ULCV,20000,400,2026-02-12 10:00:00,False,0.2737929162349345,273792.9162349345,0.95,21.000000000000007,8.0,67.5,2026-02-12 18:00:00,2026-02-12
MAEU-9785,Cape,New Panamax,14000,366,2026-02-12 12:00:00,False,0.207093494021487,144965.4458150409,0.95,21.000000000000007,8.0,67.5,2026-02-12 20:00:00,2026-02-12
MAEU-3408,Suez,New Panamax,14000,366,2026-02-12 20:00:00,False,0.20194826528835053,141363.78570184537,0.95,21.000000000000007,8.0,67.5,2026-02-13 04:00:00,2026-02-12
MAEU-6656,Suez,New Panamax,14000,366,2026-02-13 01:00:00,True,0.16987870091127727,118915.09063789409,0.95,21.000000000000007,24.0,67.5,2026-02-14 01:00:00,2026-02-13
MAEU-2960,Cape,New Panamax,14000,366,2026-02-13 05:00:00,True,0.17195609882433735,120369.26917703616,0.95,21.000000000000007,24.0,67.5,2026-02-14 05:00:00,2026-02-13
MAEU-5917,Cape,ULCV,20000,400,2026-02-13 13:00:00,True,0.1762257940890619,176225.79408906188,0.95,21.000000000000007,24.0,67.5,2026-02-14 13:00:00,2026-02-13
MAEU-5259,Suez,Feeder,5000,150,2026-02-13 13:00:00,True,0.1,25000.0,0.95,21.000000000000007,24.0,67.5,2026-02-14 13:00:00,2026-02-13
MAEU-3978,Suez,ULCV,20000,400,2026-02-13 17:00:00,True,0.29359843318418805,293598.43318418803,0.95,21.000000000000007,24.0,67.5,2026-02-14 17:00:00,2026-02-13
MAEU-7907,Cape,New Panamax,14000,366,2026-02-14 00:00:00,False,0.22641331922246843,158489.32345572792,0.95,21.000000000000007,16.0,67.5,2026-02-14 16:00:00,2026-02-14
MAEU-5349,Suez,ULCV,20000,400,2026-02-14 01:00:00,False,0.24753016385972298,247530.16385972302,0.95,21.000000000000007,16.0,67.5,2026-02-14 17:00:00,2026-02-14
MAEU-8137,Suez,ULCV,20000,400,2026-02-14 03:00:00,False,0.1702749433732234,170274.94337322342,0.95,21.000000000000007,16.0,67.5,2026-02-14 19:00:00,2026-02-14
MAEU-7928,Cape,Feeder,5000,150,2026-02-14 04:00:00,False,0.1,25000.0,0.95,21.000000000000007,16.0,67.5,2026-02-14 20:00:00,2026-02-14
MAEU-8154,Suez,ULCV,20000,400,2026-02-14 04:00:00,False,0.26711423791026595,267114.237910266,0.95,21.000000000000007,16.0,67.5,2026-02-14 20:00:00,2026-02-14
MAEU-6777,Suez,Feeder,5000,150,2026-02-14 05:00:00,False,0.1,25000.0,0.95,21.000000000000007,16.0,67.5,2026-02-14 21:00:00,2026-02-14
MAEU-5737,Cape,New Panamax,14000,366,2026-02-14 10:00:00,False,0.26313803165157945,184196.62215610562,0.95,21.000000000000007,16.0,67.5,2026-02-15 02:00:00,2026-02-14
MAEU-8179,Suez,Feeder,5000,150,2026-02-14 12:00:00,False,0.1,25000.0,0.95,21.000000000000007,16.0,67.5,2026-02-15 04:00:00,2026-02-14
MAEU-6448,Cape,ULCV,20000,400,2026-02-14 13:00:00,False,0.165156871651597,165156.871651597,0.95,21.000000000000007,16.0,67.5,2026-02-15 05:00:00,2026-02-14
MAEU-9648,Cape,New Panamax,14000,366,2026-02-14 22:00:00,False,0.18587701563238884,130113.9109426722,0.95,21.000000000000007,16.0,67.5,2026-02-15 14:00:00,2026-02-14
MAEU-9616,Cape,New Panamax,14000,366,2026-02-15 00:00:00,False,0.2713325192454492,189932.76347181445,0.95,21.000000000000007,32.0,67.5,2026-02-16 08:00:00,2026-02-15
MAEU-8870,Suez,ULCV,20000,400,2026-02-15 02:00:00,False,0.20516390263159343,205163.90263159343,0.95,21.000000000000007,32.0,67.5,2026-02-16 10:00:00,2026-02-15
MAEU-8961,Cape,Feeder,5000,150,2026-02-15 03:00:00,False,0.1,25000.0,0.95,21.000000000000007,32.0,67.5,2026-02-16 11:00:00,2026-02-15
MAEU-5268,Suez,Feeder,5000,150,2026-02-15 03:00:00,False,0.1,25000.0,0.95,21.000000000000007,32.0,67.5,2026-02-16 11:00:00,2026-02-15
MAEU-6542,Suez,ULCV,20000,400,2026-02-15 04:00:00,False,0.18228028080258563,182280.28080258562,0.95,21.000000000000007,32.0,67.5,2026-02-16 12:00:00,2026-02-15
MAEU-1419,Suez,New Panamax,14000,366,2026-02-15 05:00:00,False,0.2139125075835557,149738.755308489,0.95,21.000000000000007,32.0,67.5,2026-02-16 13:00:00,2026-02-15
MAEU-2549,Suez,New Panamax,14000,366,2026-02-15 06:00:00,False,0.2600421570842103,182029.50995894722,0.95,21.000000000000007,32.0,67.5,2026-02-16 14:00:00,2026-02-15
MAEU-4493,Cape,New Panamax,14000,366,2026-02-15 09:00:00,False,0.26775248157555853,187426.73710289097,0.95,21.000000000000007,32.0,67.5,2026-02-16 17:00:00,2026-02-15
MAEU-5592,Cape,New Panamax,14000,366,2026-02-15 10:00:00,False,0.21815660018399413,152709.62012879588,0.95,21.000000000000007,32.0,67.5,2026-02-16 18:00:00,2026-02-15
MAEU-9433,Suez,ULCV,20000,400,2026-02-15 12:00:00,False,0.29638106323650804,296381.06323650805,0.95,21.000000000000007,32.0,67.5,2026-02-16 20:00:00,2026-02-15
MAEU-5200,Cape,Feeder,5000,150,2026-02-15 16:00:00,False,0.1,25000.0,0.95,21.000000000000007,32.0,67.5,2026-02-17 00:00:00,2026-02-15
MAEU-5719,Cape,Feeder,5000,150,2026-02-15 17:00:00,False,0.1,25000.0,0.95,21.000000000000007,32.0,67.5,2026-02-17 01:00:00,2026-02-15
MAEU-8758,Suez,ULCV,20000,400,2026-02-15 20:00:00,False,0.26404347346832024,264043.4734683202,0.95,21.000000000000007,32.0,67.5,2026-02-17 04:00:00,2026-02-15
MAEU-5481,Suez,Feeder,5000,150,2026-02-15 20:00:00,False,0.1,25000.0,0.95,21.000000000000007,32.0,67.5,2026-02-17 04:00:00,2026-02-15
MAEU-8083,Cape,ULCV,20000,400,2026-02-16 00:00:00,False,0.21649096311654273,216490.9631165427,0.95,21.000000000000007,12.0,67.5,2026-02-16 12:00:00,2026-02-16
MAEU-9599,Cape,ULCV,20000,400,2026-02-16 02:00:00,False,0.15181627128523312,151816.27128523312,0.95,21.000000000000007,12.0,67.5,2026-02-16 14:00:00,2026-02-16
MAEU-1365,Cape,New Panamax,14000,366,2026-02-16 03:00:00,False,0.20245548446187742,141718.8391233142,0.95,21.000000000000007,12.0,67.5,2026-02-16 15:00:00,2026-02-16
MAEU-7420,Cape,Feeder,5000,150,2026-02-16 07:00:00,False,0.1,25000.0,0.95,21.000000000000007,12.0,67.5,2026-02-16 19:00:00,2026-02-16
MAEU-9433,Suez,New Panamax,14000,366,2026-02-16 07:00:00,False,0.21922161969371012,153455.13378559708,0.95,21.000000000000007,12.0,67.5,2026-02-16 19:00:00,2026-02-16
MAEU-6510,Cape,Feeder,5000,150,2026-02-16 18:00:00,False,0.1,25000.0,0.95,21.000000000000007,12.0,67.5,2026-02-17 06:00:00,2026-02-16
MAEU-1775,Suez,New Panamax,14000,366,2026-02-16 21:00:00,False,0.24550045232508108,171850.31662755675,0.95,21.000000000000007,12.0,67.5,2026-02-17 09:00:00,2026-02-16
MAEU-8099,Cape,New Panamax,14000,366,2026-02-16 22:00:00,False,0.2277612032917806,159432.8423042464,0.95,21.000000000000007,12.0,67.5,2026-02-17 10:00:00,2026-02-16
MAEU-4271,Cape,ULCV,20000,400,2026-02-16 22:00:00,False,0.25744850820940235,257448.50820940238,0.95,21.000000000000007,12.0,67.5,2026-02-17 10:00:00,2026-02-16
MAEU-3376,Cape,Feeder,5000,150,2026-02-17 01:00:00,False,0.1,25000.0,0.95,21.000000000000007,8.0,67.5,2026-02-17 09:00:00,2026-02-17
MAEU-4983,Cape,New Panamax,14000,366,2026-02-17 01:00:00,False,0.16921436195493,118450.053368451,0.95,21.000000000000007,8.0,67.5,2026-02-17 09:00:00,2026-02-17
MAEU-6607,Cape,New Panamax,14000,366,2026-02-17 01:00:00,False,0.2402822384454483,168197.5669118138,0.95,21.000000000000007,8.0,67.5,2026-02-17 09:00:00,2026-02-17
MAEU-3196,Cape,Feeder,5000,150,2026-02-17 03:00:00,False,0.1,25000.0,0.95,21.000000000000007,8.0,67.5,2026-02-17 11:00:00,2026-02-17
MAEU-2827,Cape,New Panamax,14000,366,2026-02-17 03:00:00,False,0.2661950670956682,186336.54696696773,0.95,21.000000000000007,8.0,67.5,2026-02-17 11:00:00,2026-02-17
MAEU-7511,Suez,New Panamax,14000,366,2026-02-17 16:00:00,False,0.19431671662161304,136021.70163512914,0.95,21.000000000000007,8.0,67.5,2026-02-18 00:00:00,2026-02-17
MAEU-9964,Suez,ULCV,20000,400,2026-02-17 21:00:00,False,0.2646558993332604,264655.89933326043,0.95,21.000000000000007,8.0,67.5,2026-02-18 05:00:00,2026-02-17
MAEU-9569,Cape,New Panamax,14000,366,2026-02-17 22:00:00,False,0.15629268351474543,109404.87846032181,0.95,21.000000000000007,8.0,67.5,2026-02-18 06:00:00,2026-02-17
MAEU-4537,Cape,Feeder,5000,150,2026-02-18 01:00:00,False,0.1,25000.0,0.95,21.000000000000007,12.0,67.5,2026-02-18 13:00:00,2026-02-18
MAEU-6784,Suez,Feeder,5000,150,2026-02-18 07:00:00,False,0.1,25000.0,0.95,21.000000000000007,12.0,67.5,2026-02-18 19:00:00,2026-02-18
MAEU-1301,Cape,New Panamax,14000,366,2026-02-18 07:00:00,False,0.2336719838266605,163570.38867866233,0.95,21.000000000000007,12.0,67.5,2026-02-18 19:00:00,2026-02-18
MAEU-1685,Cape,ULCV,20000,400,2026-02-18 16:00:00,False,0.24687162189828088,246871.62189828086,0.95,21.000000000000007,12.0,67.5,2026-02-19 04:00:00,2026-02-18
MAEU-7267,Suez,New Panamax,14000,366,2026-02-18 17:00:00,False,0.29146137566170616,204022.9629631943,0.95,21.000000000000007,12.0,67.5,2026-02-19 05:00:00,2026-02-18
MAEU-5558,Cape,ULCV,20000,400,2026-02-18 19:00:00,False,0.27266779947854175,272667.79947854177,0.95,21.000000000000007,12.0,67.5,2026-02-19 07:00:00,2026-02-18
MAEU-8697,Cape,New Panamax,14000,366,2026-02-18 20:00:00,False,0.2632562893119417,184279.40251835922,0.95,21.000000000000007,12.0,67.5,2026-02-19 08:00:00,2026-02-18
MAEU-9789,Cape,ULCV,20000,400,2026-02-18 21:00:00,False,0.29770046092867625,297700.46092867624,0.95,21.000000000000007,12.0,67.5,2026-02-19 09:00:00,2026-02-18
MAEU-6341,Cape,New Panamax,14000,366,2026-02-18 22:00:00,False,0.2818902989996757,197323.209299773,0.95,21.000000000000007,12.0,67.5,2026-02-19 10:00:00,2026-02-18
MAEU-1514,Cape,New Panamax,14000,366,2026-02-19 00:00:00,False,0.19168531458733018,134179.72021113112,0.95,21.000000000000007,0.0,67.5,2026-02-19 00:00:00,2026-02-19
MAEU-2724,Suez,New Panamax,14000,366,2026-02-19 00:00:00,False,0.226254082037442,158377.8574262094,0.95,21.000000000000007,0.0,67.5,2026-02-19 00:00:00,2026-02-19
MAEU-8295,Suez,Feeder,5000,150,2026-02-19 04:00:00,False,0.1,25000.0,0.95,21.000000000000007,0.0,67.5,2026-02-19 04:00:00,2026-02-19
MAEU-5183,Suez,New Panamax,14000,366,2026-02-19 11:00:00,False,0.25992023171493756,181944.1622004563,0.95,21.000000000000007,0.0,67.5,2026-02-19 11:00:00,2026-02-19
MAEU-9553,Cape,ULCV,20000,400,2026-02-19 15:00:00,False,0.27176283252985645,271762.8325298565,0.95,21.000000000000007,0.0,67.5,2026-02-19 15:00:00,2026-02-19
MAEU-3066,Suez,New Panamax,14000,366,2026-02-19 22:00:00,False,0.25333279530751357,177332.9567152595,0.95,21.000000000000007,0.0,67.5,2026-02-19 22:00:00,2026-02-19
MAEU-1697,Cape,New Panamax,14000,366,2026-02-20 03:00:00,False,0.20780638245710426,145464.46771997298,0.95,21.000000000000007,8.0,67.5,2026-02-20 11:00:00,2026-02-20
MAEU-9033,Suez,Feeder,5000,150,2026-02-20 10:00:00,False,0.1,25000.0,0.95,21.000000000000007,8.0,67.5,2026-02-20 18:00:00,2026-02-20
MAEU-3159,Suez,ULCV,20000,400,2026-02-20 12:00:00,False,0.23080435010145586,230804.35010145587,0.95,21.000000000000007,8.0,67.5,2026-02-20 20:00:00,2026-02-20
MAEU-2428,Suez,New Panamax,14000,366,2026-02-20 13:00:00,False,0.24239781753902684,169678.4722773188,0.95,21.000000000000007,8.0,67.5,2026-02-20 21:00:00,2026-02-20
MAEU-4489,Cape,ULCV,20000,400,2026-02-20 20:00:00,False,0.20519111269531268,205191.11269531268,0.95,21.000000000000007,8.0,67.5,2026-02-21 04:00:00,2026-02-20
MAEU-3649,Suez,New Panamax,14000,366,2026-02-20 21:00:00,False,0.2749020704020565,192431.44928143953,0.95,21.000000000000007,8.0,67.5,2026-02-21 05:00:00,2026-02-20
MAEU-2929,Cape,New Panamax,14000,366,2026-02-20 21:00:00,False,0.23895665012801762,167269.65508961235,0.95,21.000000000000007,8.0,67.5,2026-02-21 05:00:00,2026-02-20
MAEU-2778,Cape,New Panamax,14000,366,2026-02-20 22:00:00,False,0.22054785811526784,154383.5006806875,0.95,21.000000000000007,8.0,67.5,2026-02-21 06:00:00,2026-02-20
MAEU-3023,Suez,New Panamax,14000,366,2026-02-21 06:00:00,False,0.15048273954064179,105337.91767844926,0.95,21.000000000000007,0.0,67.5,2026-02-21 06:00:00,2026-02-21
MAEU-6891,Suez,New Panamax,14000,366,2026-02-21 12:00:00,False,0.1639485959734698,114764.01718142886,0.95,21.000000000000007,0.0,67.5,2026-02-21 12:00:00,2026-02-21
MAEU-3563,Suez,New Panamax,14000,366,2026-02-21 13:00:00,False,0.25851071484184296,180957.50038929007,0.95,21.000000000000007,0.0,67.5,2026-02-21 13:00:00,2026-02-21
MAEU-1161,Cape,ULCV,20000,400,2026-02-21 17:00:00,False,0.24032184660787215,240321.84660787217,0.95,21.000000000000007,0.0,67.5,2026-02-21 17:00:00,2026-02-21
MAEU-7841,Cape,ULCV,20000,400,2026-02-21 22:00:00,False,0.2554415161468015,255441.5161468015,0.95,21.000000000000007,0.0,67.5,2026-02-21 22:00:00,2026-02-21
MAEU-1541,Suez,New Panamax,14000,366,2026-02-22 05:00:00,True,0.1814762992284614,127033.40945992297,0.95,21.000000000000007,24.0,67.5,2026-02-23 05:00:00,2026-02-22
MAEU-9623,Cape,Feeder,5000,150,2026-02-22 12:00:00,True,0.1,25000.0,0.95,21.000000000000007,24.0,67.5,2026-02-23 12:00:00,2026-02-22
MAEU-4390,Suez,New Panamax,14000,366,2026-02-22 13:00:00,True,0.1723499604223865,120644.97229567055,0.95,21.000000000000007,24.0,67.5,2026-02-23 13:00:00,2026-02-22
MAEU-2136,Cape,New Panamax,14000,366,2026-02-22 14:00:00,True,0.2997521267089424,209826.48869625968,0.95,21.000000000000007,24.0,67.5,2026-02-23 14:00:00,2026-02-22
MAEU-7256,Cape,ULCV,20000,400,2026-02-22 22:00:00,True,0.18537863987155306,185378.63987155305,0.95,21.000000000000007,24.0,67.5,2026-02-23 22:00:00,2026-02-22
MAEU-3097,Suez,New Panamax,14000,366,2026-02-23 02:00:00,False,0.15392950627980972,107750.6543958668,0.95,21.000000000000007,24.0,67.5,2026-02-24 02:00:00,2026-02-23
MAEU-3839,Cape,Feeder,5000,150,2026-02-23 03:00:00,False,0.1,25000.0,0.95,21.000000000000007,24.0,67.5,2026-02-24 03:00:00,2026-02-23
MAEU-4471,Suez,New Panamax,14000,366,2026-02-23 04:00:00,False,0.1776714379700459,124370.00657903214,0.95,21.000000000000007,24.0,67.5,2026-02-24 04:00:00,2026-02-23
MAEU-4331,Cape,New Panamax,14000,366,2026-02-23 06:00:00,False,0.2855869995390562,199910.89967733933,0.95,21.000000000000007,24.0,67.5,2026-02-24 06:00:00,2026-02-23
MAEU-1685,Cape,Feeder,5000,150,2026-02-23 11:00:00,False,0.1,25000.0,0.95,21.000000000000007,24.0,67.5,2026-02-24 11:00:00,2026-02-23
MAEU-2733,Suez,ULCV,20000,400,2026-02-23 14:00:00,False,0.27597034284534255,275970.3428453426,0.95,21.000000000000007,24.0,67.5,2026-02-24 14:00:00,2026-02-23
MAEU-2900,Suez,New Panamax,14000,366,2026-02-23 18:00:00,False,0.2911018867673011,203771.32073711077,0.95,21.000000000000007,24.0,67.5,2026-02-24 18:00:00,2026-02-23
MAEU-6017,Suez,New Panamax,14000,366,2026-02-23 18:00:00,False,0.2065371247104558,144575.98729731905,0.95,21.000000000000007,24.0,67.5,2026-02-24 18:00:00,2026-02-23
MAEU-2283,Suez,New Panamax,14000,366,2026-02-23 19:00:00,False,0.26784774271203476,187493.41989842433,0.95,21.000000000000007,24.0,67.5,2026-02-24 19:00:00,2026-02-23
MAEU-8710,Cape,ULCV,20000,400,2026-02-23 19:00:00,False,0.2485432734400709,248543.27344007092,0.95,21.000000000000007,24.0,67.5,2026-02-24 19:00:00,2026-02-23
MAEU-3096,Cape,New Panamax,14000,366,2026-02-23 20:00:00,False,0.2187280330106839,153109.62310747872,0.95,21.000000000000007,24.0,67.5,2026-02-24 20:00:00,2026-02-23
MAEU-7397,Suez,ULCV,20000,400,2026-02-23 21:00:00,False,0.19096062149592186,190960.62149592186,0.95,21.000000000000007,24.0,67.5,2026-02-24 21:00:00,2026-02-23
MAEU-5000,Cape,New Panamax,14000,366,2026-02-24 06:00:00,False,0.16296369161438196,114074.58413006736,0.95,21.000000000000007,0.0,67.5,2026-02-24 06:00:00,2026-02-24
MAEU-3014,Suez,New Panamax,14000,366,2026-02-24 09:00:00,False,0.2767184154429032,193702.89081003226,0.95,21.000000000000007,0.0,67.5,2026-02-24 09:00:00,2026-02-24
MAEU-6347,Cape,New Panamax,14000,366,2026-02-24 10:00:00,False,0.15939798051830317,111578.58636281222,0.95,21.000000000000007,0.0,67.5,2026-02-24 10:00:00,2026-02-24
MAEU-4291,Suez,ULCV,20000,400,2026-02-24 13:00:00,False,0.18743192997742592,187431.92997742593,0.95,21.000000000000007,0.0,67.5,2026-02-24 13:00:00,2026-02-24
MAEU-6560,Cape,Feeder,5000,150,2026-02-24 20:00:00,False,0.1,25000.0,0.95,21.000000000000007,0.0,67.5,2026-02-24 20:00:00,2026-02-24
MAEU-5713,Suez,ULCV,20000,400,2026-02-24 21:00:00,False,0.18925585256038588,189255.85256038586,0.95,21.000000000000007,0.0,67.5,2026-02-24 21:00:00,2026-02-24
MAEU-1572,Cape,New Panamax,14000,366,2026-02-25 01:00:00,False,0.21059668144898222,147417.67701428756,0.95,21.000000000000007,4.0,67.5,2026-02-25 05:00:00,2026-02-25
MAEU-4670,Suez,Feeder,5000,150,2026-02-25 04:00:00,False,0.1,25000.0,0.95,21.000000000000007,4.0,67.5,2026-02-25 08:00:00,2026-02-25
MAEU-7633,Suez,New Panamax,14000,366,2026-02-25 06:00:00,False,0.2525631158365564,176794.1810855895,0.95,21.000000000000007,4.0,67.5,2026-02-25 10:00:00,2026-02-25
MAEU-7588,Suez,New Panamax,14000,366,2026-02-25 08:00:00,False,0.15330527404462563,107313.69183123793,0.95,21.000000000000007,4.0,67.5,2026-02-25 12:00:00,2026-02-25
MAEU-3539,Suez,New Panamax,14000,366,2026-02-25 13:00:00,False,0.25962314474710946,181736.20132297662,0.95,21.000000000000007,4.0,67.5,2026-02-25 17:00:00,2026-02-25
MAEU-2171,Suez,New Panamax,14000,366,2026-02-25 14:00:00,False,0.282320342142309,197624.23949961632,0.95,21.000000000000007,4.0,67.5,2026-02-25 18:00:00,2026-02-25
MAEU-2938,Suez,New Panamax,14000,366,2026-02-25 18:00:00,False,0.29580079944473053,207060.5596113114,0.95,21.000000000000007,4.0,67.5,2026-02-25 22:00:00,2026-02-25
MAEU-5624,Suez,Feeder,5000,150,2026-02-26 01:00:00,False,0.1,25000.0,0.95,21.000000000000007,12.0,67.5,2026-02-26 13:00:00,2026-02-26
MAEU-6774,Suez,Feeder,5000,150,2026-02-26 07:00:00,False,0.1,25000.0,0.95,21.000000000000007,12.0,67.5,2026-02-26 19:00:00,2026-02-26
MAEU-4648,Suez,ULCV,20000,400,2026-02-26 09:00:00,False,0.17486618102449136,174866.18102449135,0.95,21.000000000000007,12.0,67.5,2026-02-26 21:00:00,2026-02-26
MAEU-4137,Suez,Feeder,5000,150,2026-02-26 09:00:00,False,0.1,25000.0,0.95,21.000000000000007,12.0,67.5,2026-02-26 21:00:00,2026-02-26
MAEU-6413,Suez,Feeder,5000,150,2026-02-26 09:00:00,False,0.1,25000.0,0.95,21.000000000000007,12.0,67.5,2026-02-26 21:00:00,2026-02-26
MAEU-2854,Suez,Feeder,5000,150,2026-02-26 16:00:00,False,0.1,25000.0,0.95,21.000000000000007,12.0,67.5,2026-02-27 04:00:00,2026-02-26
MAEU-3324,Suez,ULCV,20000,400,2026-02-26 19:00:00,False,0.23172716386267733,231727.16386267735,0.95,21.000000000000007,12.0,67.5,2026-02-27 07:00:00,2026-02-26
MAEU-2749,Cape,Feeder,5000,150,2026-02-26 19:00:00,False,0.1,25000.0,0.95,21.000000000000007,12.0,67.5,2026-02-27 07:00:00,2026-02-26
MAEU-4750,Suez,New Panamax,14000,366,2026-02-26 21:00:00,False,0.19358813397095326,135511.6937796673,0.95,21.000000000000007,12.0,67.5,2026-02-27 09:00:00,2026-02-26
MAEU-3274,Suez,New Panamax,14000,366,2026-02-27 05:00:00,False,0.2057899001875297,144052.93013127078,0.95,21.000000000000007,0.0,67.5,2026-02-27 05:00:00,2026-02-27
MAEU-4970,Suez,ULCV,20000,400,2026-02-27 07:00:00,False,0.19236463480297675,192364.63480297674,0.95,21.000000000000007,0.0,67.5,2026-02-27 07:00:00,2026-02-27
MAEU-1475,Cape,New Panamax,14000,366,2026-02-27 08:00:00,False,0.23663900488217363,165647.30341752153,0.95,21.000000000000007,0.0,67.5,2026-02-27 08:00:00,2026-02-27
MAEU-3551,Suez,New Panamax,14000,366,2026-02-27 11:00:00,False,0.22849944467921118,159949.61127544782,0.95,21.000000000000007,0.0,67.5,2026-02-27 11:00:00,2026-02-27
MAEU-7823,Suez,ULCV,20000,400,2026-02-27 16:00:00,False,0.15407511318383396,154075.11318383398,0.95,21.000000000000007,0.0,67.5,2026-02-27 16:00:00,2026-02-27
MAEU-3426,Suez,New Panamax,14000,366,2026-02-27 17:00:00,False,0.16401119579629433,114807.83705740602,0.95,21.000000000000007,0.0,67.5,2026-02-27 17:00:00,2026-02-27
MAEU-1687,Cape,Feeder,5000,150,2026-02-28 10:00:00,False,0.1,25000.0,0.95,21.000000000000007,0.0,67.5,2026-02-28 10:00:00,2026-02-28
MAEU-4525,Suez,ULCV,20000,400,2026-02-28 11:00:00,False,0.17490514701242932,174905.1470124293,0.95,21.000000000000007,0.0,67.5,2026-02-28 11:00:00,2026-02-28
MAEU-5654,Suez,Feeder,5000,150,2026-02-28 14:00:00,False,0.1,25000.0,0.95,21.000000000000007,0.0,67.5,2026-02-28 14:00:00,2026-02-28
MAEU-6223,Suez,Feeder,5000,150,2026-02-28 17:00:00,False,0.1,25000.0,0.95,21.000000000000007,0.0,67.5,2026-02-28 17:00:00,2026-02-28
MAEU-1258,Suez,New Panamax,14000,366,2026-02-28 17:00:00,False,0.17532813100165293,122729.69170115705,0.95,21.000000000000007,0.0,67.5,2026-02-28 17:00:00,2026-02-28
MAEU-4200,Suez,New Panamax,14000,366,2026-02-28 22:00:00,False,0.17763372588570392,124343.60811999274,0.95,21.000000000000007,0.0,67.5,2026-02-28 22:00:00,2026-02-28
MAEU-8183,Suez,Feeder,5000,150,2026-03-01 00:00:00,False,0.1,25000.0,0.95,21.000000000000007,8.0,67.5,2026-03-01 08:00:00,2026-03-01
MAEU-7788,Cape,ULCV,20000,400,2026-03-01 02:00:00,False,0.17811179161463733,178111.79161463733,0.95,21.000000000000007,8.0,67.5,2026-03-01 10:00:00,2026-03-01
MAEU-4711,Suez,New Panamax,14000,366,2026-03-01 04:00:00,False,0.23396335254575737,163774.34678203016,0.95,21.000000000000007,8.0,67.5,2026-03-01 12:00:00,2026-03-01
MAEU-1923,Suez,New Panamax,14000,366,2026-03-01 05:00:00,False,0.2969673686781783,207877.1580747248,0.95,21.000000000000007,8.0,67.5,2026-03-01 13:00:00,2026-03-01
MAEU-1645,Cape,Feeder,5000,150,2026-03-01 18:00:00,False,0.1,25000.0,0.95,21.000000000000007,8.0,67.5,2026-03-02 02:00:00,2026-03-01
MAEU-4864,Suez,New Panamax,14000,366,2026-03-01 19:00:00,False,0.28353870795267033,198477.09556686922,0.95,21.000000000000007,8.0,67.5,2026-03-02 03:00:00,2026-03-01
MAEU-6108,Suez,New Panamax,14000,366,2026-03-01 20:00:00,False,0.2587778322041086,181144.482542876,0.95,21.000000000000007,8.0,67.5,2026-03-02 04:00:00,2026-03-01
MAEU-7509,Suez,Feeder,5000,150,2026-03-01 21:00:00,False,0.1,25000.0,0.95,21.000000000000007,8.0,67.5,2026-03-02 05:00:00,2026-03-01
MAEU-4831,Suez,New Panamax,14000,366,2026-03-02 00:00:00,False,0.1859811169133917,130186.78183937418,0.9405900811029041,21.564595133825758,16.0,66.08851216543562,2026-03-02 16:00:00,2026-03-02
MAEU-7144,Cape,Feeder,5000,150,2026-03-02 07:00:00,False,0.1,25000.0,0.937709501752672,21.737429894839686,16.0,65.6564252629008,2026-03-02 23:00:00,2026-03-02
MAEU-7763,Suez,New Panamax,14000,366,2026-03-02 10:00:00,False,0.27656059896100865,193592.41927270606,0.9280257656773312,22.318454059360132,16.0,64.20386485159969,2026-03-03 02:00:00,2026-03-02
MAEU-1155,Cape,New Panamax,14000,366,2026-03-02 14:00:00,False,0.1762322155763939,123362.55090347573,0.9195686690481228,22.825879857112632,16.0,62.93530035721843,2026-03-03 06:00:00,2026-03-02
MAEU-6569,Suez,Feeder,5000,150,2026-03-02 14:00:00,False,0.1,25000.0,0.9277920347517244,22.332477914896536,16.0,64.16880521275868,2026-03-03 06:00:00,2026-03-02
MAEU-7450,Suez,ULCV,20000,400,2026-03-02 14:00:00,False,0.178689062687188,178689.062687188,0.9248892513666475,22.506644918001154,16.0,63.73338770499713,2026-03-03 06:00:00,2026-03-02
MAEU-3326,Suez,New Panamax,14000,366,2026-03-02 15:00:00,False,0.23658745961529196,165611.22173070436,0.9233846819751486,22.596919081491087,16.0,63.50770229627229,2026-03-03 07:00:00,2026-03-02
MAEU-1587,Suez,Feeder,5000,150,2026-03-02 15:00:00,False,0.1,25000.0,0.9176915696027996,22.938505823832024,16.0,62.65373544041995,2026-03-03 07:00:00,2026-03-02
MAEU-9915,Suez,New Panamax,14000,366,2026-03-02 15:00:00,False,0.1659515589383662,116166.09125685634,0.919633485006534,22.821990899607965,16.0,62.9450227509801,2026-03-03 07:00:00,2026-03-02
MAEU-3504,Suez,New Panamax,14000,366,2026-03-02 20:00:00,False,0.1881482971767475,131703.80802372325,0.9215295493000898,22.708227041994615,16.0,63.229432395013475,2026-03-03 12:00:00,2026-03-02
MAEU-1392,Cape,ULCV,20000,400,2026-03-03 02:00:00,False,0.15886408351173797,158864.083511738,0.9189735571365941,22.861586571804356,0.0,62.846033570489126,2026-03-03 02:00:00,2026-03-03
MAEU-7115,Cape,Feeder,5000,150,2026-03-03 11:00:00,False,0.1,25000.0,0.9156342545727021,23.06194472563788,0.0,62.34513818590532,2026-03-03 11:00:00,2026-03-03
MAEU-7659,Suez,ULCV,20000,400,2026-03-03 14:00:00,False,0.1957966015045097,195796.60150450972,0.9233335407363138,22.599987555821176,0.0,63.500031110447075,2026-03-03 14:00:00,2026-03-03
MAEU-7370,Suez,ULCV,20000,400,2026-03-03 20:00:00,False,0.21124595141391767,211245.95141391765,0.9209992255291578,22.740046468250533,0.0,63.14988382937368,2026-03-03 20:00:00,2026-03-03
MAEU-7701,Cape,New Panamax,14000,366,2026-03-04 05:00:00,False,0.1840095574385266,128806.69020696862,0.920869245372246,22.747845277665242,0.0,63.130386805836906,2026-03-04 05:00:00,2026-03-04
MAEU-6661,Cape,New Panamax,14000,366,2026-03-04 13:00:00,False,0.22186050946550268,155302.35662585188,0.9165353406207446,23.007879562755328,0.0,62.4803010931117,2026-03-04 13:00:00,2026-03-04
MAEU-1423,Cape,ULCV,20000,400,2026-03-04 13:00:00,False,0.2877114828298726,287711.4828298726,0.9222707306878871,22.663756158726777,0.0,63.340609603183076,2026-03-04 13:00:00,2026-03-04
MAEU-5741,Suez,New Panamax,14000,366,2026-03-04 22:00:00,False,0.17536216055339887,122753.51238737922,0.920219693825869,22.786818370447865,0.0,63.032954073880354,2026-03-04 22:00:00,2026-03-04
MAEU-6394,Suez,Feeder,5000,150,2026-03-05 08:00:00,False,0.1,25000.0,0.9204919147567555,22.77048511459467,0.0,63.073787213513334,2026-03-05 08:00:00,2026-03-05
MAEU-8230,Suez,Feeder,5000,150,2026-03-05 08:00:00,False,0.1,25000.0,0.9155590581579487,23.066456510523082,0.0,62.33385872369231,2026-03-05 08:00:00,2026-03-05
MAEU-5178,Suez,Feeder,5000,150,2026-03-05 13:00:00,False,0.1,25000.0,0.9253122500047737,22.48126499971358,0.0,63.79683750071606,2026-03-05 13:00:00,2026-03-05
MAEU-2531,Cape,New Panamax,14000,366,2026-03-05 18:00:00,False,0.2809130759349192,196639.15315444345,0.9211421648232482,22.731470110605112,0.0,63.17132472348723,2026-03-05 18:00:00,2026-03-05
MAEU-6827,Cape,New Panamax,14000,366,2026-03-06 03:00:00,False,0.2815859185743301,197110.14300203105,0.9265570154413592,22.406579073518454,0.0,63.98355231620388,2026-03-06 03:00:00,2026-03-06
MAEU-3723,Suez,New Panamax,14000,366,2026-03-06 07:00:00,False,0.18949736756298,132648.15729408598,0.9251069284484943,22.493584293090343,0.0,63.76603926727415,2026-03-06 07:00:00,2026-03-06
MAEU-2762,Cape,New Panamax,14000,366,2026-03-06 08:00:00,False,0.1949878667260477,136491.50670823338,0.9192312765501771,22.846123406989378,0.0,62.88469148252658,2026-03-06 08:00:00,2026-03-06
MAEU-8804,Cape,Feeder,5000,150,2026-03-06 13:00:00,False,0.1,25000.0,0.9252256518294744,22.48646089023154,0.0,63.78384777442116,2026-03-06 13:00:00,2026-03-06
MAEU-7816,Suez,ULCV,20000,400,2026-03-06 19:00:00,False,0.19518978911400006,195189.78911400007,0.9218977876100553,22.686132743396687,0.0,63.28466814150829,2026-03-06 19:00:00,2026-03-06
MAEU-8851,Cape,ULCV,20000,400,2026-03-07 00:00:00,False,0.260634862363924,260634.862363924,0.9292016545580115,22.247900726519312,0.0,64.38024818370172,2026-03-07 00:00:00,2026-03-07
MAEU-3479,Suez,New Panamax,14000,366,2026-03-07 11:00:00,False,0.23742102526252343,166194.71768376642,0.937506798256368,21.749592104617925,0.0,65.6260197384552,2026-03-07 11:00:00,2026-03-07
MAEU-2492,Suez,Feeder,5000,150,2026-03-07 20:00:00,False,0.1,25000.0,0.9447032749641935,21.317803502148394,0.0,66.70549124462903,2026-03-07 20:00:00,2026-03-07
MAEU-6374,Suez,Feeder,5000,150,2026-03-07 22:00:00,False,0.1,25000.0,0.9354034332603296,21.875794004380225,0.0,65.31051498904944,2026-03-07 22:00:00,2026-03-07
MAEU-5577,Suez,ULCV,20000,400,2026-03-08 00:00:00,False,0.1537712937415909,153771.2937415909,0.9411509001604317,21.5309459903741,0.0,66.17263502406476,2026-03-08 00:00:00,2026-03-08
MAEU-1405,Cape,ULCV,20000,400,2026-03-08 07:00:00,False,0.29221624802571633,292216.24802571634,0.9393776894904146,21.63733863057513,0.0,65.90665342356219,2026-03-08 07:00:00,2026-03-08
MAEU-1526,Cape,New Panamax,14000,366,2026-03-08 08:00:00,False,0.201122354968477,140785.6484779339,0.946852147894059,21.18887112635646,0.0,67.02782218410886,2026-03-08 08:00:00,2026-03-08
MAEU-2447,Suez,New Panamax,14000,366,2026-03-08 11:00:00,False,0.28660148691527093,200621.04084068965,0.9496112331477538,21.023326011134778,0.0,67.44168497216307,2026-03-08 11:00:00,2026-03-08
MAEU-4740,Cape,New Panamax,14000,366,2026-03-08 18:00:00,False,0.18561502025622093,129930.51417935465,0.9562840958306329,20.622954250162028,0.0,68.44261437459494,2026-03-08 18:00:00,2026-03-08
MAEU-1771,Cape,New Panamax,14000,366,2026-03-08 21:00:00,False,0.2680125502731655,187608.78519121587,0.9562727312279696,20.623636126321824,0.0,68.44090968419545,2026-03-08 21:00:00,2026-03-08
MAEU-3007,Suez,New Panamax,14000,366,2026-03-09 01:00:00,False,0.2209345699216357,154654.198945145,0.9569732413199483,20.5816055208031,4.0,68.54598619799225,2026-03-09 05:00:00,2026-03-09
MAEU-3800,Suez,New Panamax,14000,366,2026-03-09 02:00:00,False,0.17941465691075895,125590.25983753127,0.9498609939626217,21.008340362242702,4.0,67.47914909439325,2026-03-09 06:00:00,2026-03-09
MAEU-5005,Suez,Feeder,5000,150,2026-03-09 05:00:00,False,0.1,25000.0,0.9555407411364087,20.667555531815477,4.0,68.33111117046133,2026-03-09 09:00:00,2026-03-09
MAEU-5378,Suez,New Panamax,14000,366,2026-03-09 07:00:00,False,0.18582849906028914,130079.9493422024,0.9539285333697481,20.764287997815114,4.0,68.08928000546223,2026-03-09 11:00:00,2026-03-09
MAEU-7716,Suez,Feeder,5000,150,2026-03-09 11:00:00,False,0.1,25000.0,0.9539301357351798,20.764191855889212,4.0,68.08952036027698,2026-03-09 15:00:00,2026-03-09
MAEU-6093,Cape,New Panamax,14000,366,2026-03-09 16:00:00,False,0.1511496048973838,105804.72342816865,0.9596320900170939,20.422074598974366,4.0,68.9448135025641,2026-03-09 20:00:00,2026-03-09
MAEU-7892,Suez,New Panamax,14000,366,2026-03-09 19:00:00,False,0.181048886765764,126734.22073603481,0.9616089980186827,20.30346011887904,4.0,69.24134970280241,2026-03-09 23:00:00,2026-03-09
MAEU-5987,Suez,ULCV,20000,400,2026-03-10 00:00:00,False,0.20082909740081273,200829.09740081272,0.955630972567536,20.66214164594784,0.0,68.3446458851304,2026-03-10 00:00:00,2026-03-10
MAEU-4112,Cape,New Panamax,14000,366,2026-03-10 06:00:00,False,0.2240319870510178,156822.39093571246,0.9574356257505539,20.553862454966772,0.0,68.61534386258307,2026-03-10 06:00:00,2026-03-10
MAEU-7376,Suez,New Panamax,14000,366,2026-03-10 08:00:00,False,0.2725023263176077,190751.62842232536,0.955588282910147,20.664703025391184,0.0,68.33824243652205,2026-03-10 08:00:00,2026-03-10
MAEU-2968,Suez,Feeder,5000,150,2026-03-10 09:00:00,False,0.1,25000.0,0.9549787937510242,20.701272374938547,0.0,68.24681906265364,2026-03-10 09:00:00,2026-03-10
MAEU-1855,Cape,New Panamax,14000,366,2026-03-10 20:00:00,False,0.2017834714202538,141248.42999417766,0.9455450192390776,21.267298845655343,0.0,66.83175288586165,2026-03-10 20:00:00,2026-03-10
MAEU-2356,Cape,Feeder,5000,150,2026-03-11 13:00:00,False,0.1,25000.0,0.9397456062294033,21.615263626235805,0.0,65.9618409344105,2026-03-11 13:00:00,2026-03-11
MAEU-4744,Cape,New Panamax,14000,366,2026-03-12 03:00:00,False,0.20535795326413747,143750.56728489624,0.9353663678570239,21.878017928578572,0.0,65.30495517855358,2026-03-12 03:00:00,2026-03-12
MAEU-1987,Suez,New Panamax,14000,366,2026-03-12 04:00:00,False,0.15023476577872094,105164.33604510466,0.9396255680141999,21.622465919148006,0.0,65.94383520213,2026-03-12 04:00:00,2026-03-12
MAEU-9210,Suez,New Panamax,14000,366,2026-03-12 11:00:00,False,0.28233878341422713,197637.148389959,0.9298554174801622,22.20867495119027,0.0,64.47831262202433,2026-03-12 11:00:00,2026-03-12
MAEU-4741,Suez,New Panamax,14000,366,2026-03-12 12:00:00,False,0.2744381335297875,192106.69347085126,0.9280309627047448,22.318142237715314,0.0,64.20464440571173,2026-03-12 12:00:00,2026-03-12
MAEU-7588,Suez,New Panamax,14000,366,2026-03-12 15:00:00,False,0.1945091461656135,136156.40231592944,0.9365115001132595,21.809309993204437,0.0,65.47672501698892,2026-03-12 15:00:00,2026-03-12
MAEU-2875,Suez,ULCV,20000,400,2026-03-12 17:00:00,False,0.18850413424650686,188504.13424650684,0.928749112444242,22.275053253345483,0.0,64.3123668666363,2026-03-12 17:00:00,2026-03-12
MAEU-8718,Suez,ULCV,20000,400,2026-03-13 02:00:00,False,0.25859595831991405,258595.95831991406,0.9290776002086142,22.25534398748315,0.0,64.36164003129213,2026-03-13 02:00:00,2026-03-13
MAEU-2628,Cape,ULCV,20000,400,2026-03-13 05:00:00,False,0.27435265988182367,274352.6598818237,0.9348080478564311,21.911517128614136,0.0,65.22120717846468,2026-03-13 05:00:00,2026-03-13
MAEU-6889,Suez,New Panamax,14000,366,2026-03-13 08:00:00,False,0.24696751351869103,172877.25946308373,0.9436586740068335,21.380479559589997,0.0,66.54880110102502,2026-03-13 08:00:00,2026-03-13
MAEU-4808,Suez,New Panamax,14000,366,2026-03-13 11:00:00,False,0.16202700211228552,113418.90147859986,0.9485942067975078,21.084347592149534,0.0,67.28913101962618,2026-03-13 11:00:00,2026-03-13
MAEU-5658,Suez,Feeder,5000,150,2026-03-13 21:00:00,False,0.1,25000.0,0.953005517770396,20.819668933776242,0.0,67.95082766555942,2026-03-13 21:00:00,2026-03-13
MAEU-7563,Suez,New Panamax,14000,366,2026-03-14 02:00:00,False,0.16164219670971613,113149.5376968013,0.9595352795743113,20.427883225541326,16.0,68.9302919361467,2026-03-14 18:00:00,2026-03-14
MAEU-2141,Cape,Feeder,5000,150,2026-03-14 03:00:00,False,0.1,25000.0,0.9584593039938621,20.492441760368273,16.0,68.76889559907933,2026-03-14 19:00:00,2026-03-14
MAEU-4361,Cape,New Panamax,14000,366,2026-03-14 04:00:00,False,0.24686107651434183,172802.75356003927,0.9645761946462188,20.125428321226874,16.0,69.68642919693283,2026-03-14 20:00:00,2026-03-14
MAEU-2431,Suez,New Panamax,14000,366,2026-03-14 05:00:00,False,0.276840654448486,193788.4581139402,0.9547354827411278,20.71587103553233,16.0,68.21032241116919,2026-03-14 21:00:00,2026-03-14
MAEU-3070,Cape,Feeder,5000,150,2026-03-14 07:00:00,False,0.1,25000.0,0.9632267038486639,20.206397769080166,16.0,69.4840055772996,2026-03-14 23:00:00,2026-03-14
MAEU-4259,Cape,New Panamax,14000,366,2026-03-14 11:00:00,False,0.2697570510777529,188829.93575442702,0.9620928340390075,20.274429957659553,16.0,69.31392510585113,2026-03-15 03:00:00,2026-03-14
MAEU-5008,Suez,Feeder,5000,150,2026-03-14 11:00:00,False,0.1,25000.0,0.9631604377963224,20.210373732220656,16.0,69.47406566944838,2026-03-15 03:00:00,2026-03-14
MAEU-4243,Cape,Feeder,5000,150,2026-03-14 14:00:00,False,0.1,25000.0,0.9582580827746201,20.504515033522797,16.0,68.73871241619302,2026-03-15 06:00:00,2026-03-14
MAEU-5669,Suez,ULCV,20000,400,2026-03-14 16:00:00,False,0.18240770475175308,182407.7047517531,0.9631086994314285,20.213478034114292,16.0,69.46630491471429,2026-03-15 08:00:00,2026-03-14
MAEU-2856,Suez,New Panamax,14000,366,2026-03-14 22:00:00,False,0.2365799830101826,165605.9881071278,0.9546414155609335,20.72151506634399,16.0,68.19621233414003,2026-03-15 14:00:00,2026-03-14
MAEU-7980,Cape,ULCV,20000,400,2026-03-15 02:00:00,True,0.29460261106765534,294602.6110676553,0.9620941316118702,20.274352103287793,24.0,69.31411974178053,2026-03-16 02:00:00,2026-03-15
MAEU-2054,Cape,Feeder,5000,150,2026-03-15 03:00:00,True,0.1,25000.0,0.968656468191997,19.88061190848018,24.0,70.29847022879956,2026-03-16 03:00:00,2026-03-15
MAEU-2829,Cape,New Panamax,14000,366,2026-03-15 04:00:00,True,0.22966280173278641,160763.9612129505,0.9629776705168923,20.221339768986464,24.0,69.44665057753386,2026-03-16 04:00:00,2026-03-15
MAEU-4273,Suez,New Panamax,14000,366,2026-03-15 17:00:00,True,0.24553534761821147,171874.74333274804,0.9691641584825975,19.85015049104415,24.0,70.37462377238964,2026-03-16 17:00:00,2026-03-15
MAEU-3606,Suez,Feeder,5000,150,2026-03-15 19:00:00,True,0.1,25000.0,0.9748913131438272,19.506521211370373,24.0,71.23369697157408,2026-03-16 19:00:00,2026-03-15
MAEU-8597,Cape,New Panamax,14000,366,2026-03-15 21:00:00,True,0.28884559950380034,202191.91965266026,0.9775356450989061,19.347861294065638,24.0,71.63034676483592,2026-03-16 21:00:00,2026-03-15
MAEU-7789,Cape,New Panamax,14000,366,2026-03-16 03:00:00,False,0.2992286959588982,209460.08717122878,0.9750060486368999,19.49963708178601,0.0,71.25090729553499,2026-03-16 03:00:00,2026-03-16
MAEU-3169,Cape,ULCV,20000,400,2026-03-16 04:00:00,False,0.29338782434329785,293387.82434329786,0.9704360237205373,19.773838576767766,0.0,70.56540355808059,2026-03-16 04:00:00,2026-03-16
MAEU-3309,Suez,New Panamax,14000,366,2026-03-16 14:00:00,False,0.22317767957886095,156224.37570520266,0.9650716955263243,20.09569826842054,0.0,69.76075432894865,2026-03-16 14:00:00,2026-03-16
MAEU-1382,Cape,ULCV,20000,400,2026-03-17 11:00:00,False,0.18525558222057376,185255.58222057376,0.9614438747815964,20.313367513104218,0.0,69.21658121723948,2026-03-17 11:00:00,2026-03-17
MAEU-3352,Cape,Feeder,5000,150,2026-03-17 12:00:00,False,0.1,25000.0,0.969515043650247,19.829097380985182,0.0,70.42725654753706,2026-03-17 12:00:00,2026-03-17
MAEU-2439,Cape,New Panamax,14000,366,2026-03-17 12:00:00,False,0.17919357550573078,125435.50285401155,0.9610678591700226,20.335928449798647,0.0,69.16017887550339,2026-03-17 12:00:00,2026-03-17
MAEU-5154,Suez,ULCV,20000,400,2026-03-17 14:00:00,False,0.172737643930482,172737.643930482,0.9676452846950817,19.9412829182951,0.0,70.14679270426225,2026-03-17 14:00:00,2026-03-17
MAEU-4807,Suez,ULCV,20000,400,2026-03-17 15:00:00,False,0.2660308337301846,266030.83373018465,0.9646230861959182,20.122614828244913,0.0,69.69346292938774,2026-03-17 15:00:00,2026-03-17
MAEU-5916,Cape,New Panamax,14000,366,2026-03-17 22:00:00,False,0.2160662025468636,151246.34178280452,0.9650550741161453,20.09669555303128,0.0,69.7582611174218,2026-03-17 22:00:00,2026-03-17
MAEU-4456,Suez,New Panamax,14000,366,2026-03-18 02:00:00,False,0.17257822374951204,120804.75662465842,0.9709447867891151,19.743312792653096,0.0,70.64171801836727,2026-03-18 02:00:00,2026-03-18
MAEU-9017,Cape,New Panamax,14000,366,2026-03-18 07:00:00,False,0.19887346763466746,139211.4273442672,0.9786323177295745,19.282060936225534,0.0,71.79484765943619,2026-03-18 07:00:00,2026-03-18
MAEU-7652,Suez,Feeder,5000,150,2026-03-18 16:00:00,False,0.1,25000.0,0.9755279461310274,19.468323232138356,0.0,71.32919191965412,2026-03-18 16:00:00,2026-03-18
MAEU-1475,Cape,New Panamax,14000,366,2026-03-19 04:00:00,False,0.2691315993824108,188392.1195676876,0.9747648157565296,19.514111054608225,0.0,71.21472236347945,2026-03-19 04:00:00,2026-03-19
MAEU-3567,Suez,New Panamax,14000,366,2026-03-19 04:00:00,False,0.221331905623024,154932.33393611677,0.9730551370528655,19.616691776828073,0.0,70.95827055792984,2026-03-19 04:00:00,2026-03-19
MAEU-4630,Suez,New Panamax,14000,366,2026-03-19 11:00:00,False,0.15569723449347803,108988.06414543462,0.9633201577229438,20.200790536623376,0.0,69.49802365844158,2026-03-19 11:00:00,2026-03-19
MAEU-4730,Suez,New Panamax,14000,366,2026-03-19 20:00:00,False,0.23986808775604876,167907.6614292341,0.9592390155001169,20.44565906999299,0.0,68.88585232501754,2026-03-19 20:00:00,2026-03-19
MAEU-8929,Cape,New Panamax,14000,366,2026-03-20 03:00:00,False,0.1928675333288805,135007.27333021635,0.9584228001747681,20.494631989513916,0.0,68.76342002621521,2026-03-20 03:00:00,2026-03-20
MAEU-1882,Suez,Feeder,5000,150,2026-03-20 18:00:00,False,0.1,25000.0,0.9566446723523769,20.601319658857385,0.0,68.49670085285655,2026-03-20 18:00:00,2026-03-20
MAEU-6867,Suez,New Panamax,14000,366,2026-03-20 19:00:00,False,0.2795321283771818,195672.48986402724,0.9610832569026905,20.335004585838576,0.0,69.16248853540358,2026-03-20 19:00:00,2026-03-20
MAEU-8742,Cape,New Panamax,14000,366,2026-03-21 05:00:00,False,0.18840713476574314,131884.9943360202,0.9587793292471125,20.47324024517325,4.0,68.81689938706688,2026-03-21 09:00:00,2026-03-21
MAEU-4119,Suez,Feeder,5000,150,2026-03-21 08:00:00,False,0.1,25000.0,0.9585668582265259,20.48598850640845,4.0,68.78502873397889,2026-03-21 12:00:00,2026-03-21
MAEU-5494,Suez,Feeder,5000,150,2026-03-21 10:00:00,False,0.1,25000.0,0.9571590300691731,20.570458195849614,4.0,68.57385451037598,2026-03-21 14:00:00,2026-03-21
MAEU-7068,Suez,New Panamax,14000,366,2026-03-21 13:00:00,False,0.21839689136399054,152877.82395479336,0.9619715530470605,20.28170681717637,4.0,69.29573295705907,2026-03-21 17:00:00,2026-03-21
MAEU-6806,Suez,New Panamax,14000,366,2026-03-21 14:00:00,False,0.23602934271833598,165220.53990283518,0.9692310010267997,19.84613993839202,4.0,70.38465015401997,2026-03-21 18:00:00,2026-03-21
MAEU-8084,Cape,ULCV,20000,400,2026-03-21 16:00:00,False,0.24602974673394357,246029.74673394355,0.96986878260695,19.807873043583005,4.0,70.4803173910425,2026-03-21 20:00:00,2026-03-21
MAEU-7642,Suez,Feeder,5000,150,2026-03-21 17:00:00,False,0.1,25000.0,0.9756574264908539,19.46055441054877,4.0,71.34861397362809,2026-03-21 21:00:00,2026-03-21
MAEU-4735,Cape,Feeder,5000,150,2026-03-22 02:00:00,True,0.1,25000.0,0.9715931601312509,19.704410392124952,24.0,70.73897401968763,2026-03-23 02:00:00,2026-03-22
MAEU-5152,Cape,ULCV,20000,400,2026-03-22 14:00:00,True,0.29858190491552,298581.90491552,0.9724205523343963,19.654766859936224,24.0,70.86308285015946,2026-03-23 14:00:00,2026-03-22
MAEU-6929,Cape,New Panamax,14000,366,2026-03-22 20:00:00,True,0.203807328812552,142665.13016878642,0.9693251514077957,19.840490915532257,24.0,70.39877271116936,2026-03-23 20:00:00,2026-03-22
MAEU-5117,Suez,ULCV,20000,400,2026-03-22 21:00:00,True,0.25840604365473424,258406.04365473424,0.9676091699192323,19.943449804846065,24.0,70.14137548788486,2026-03-23 21:00:00,2026-03-22
MAEU-2724,Suez,Feeder,5000,150,2026-03-22 22:00:00,True,0.1,25000.0,0.9722574472154857,19.664553167070864,24.0,70.83861708232286,2026-03-23 22:00:00,2026-03-22
MAEU-4363,Suez,ULCV,20000,400,2026-03-23 04:00:00,False,0.26107141979302784,261071.41979302783,0.9798906968621399,19.206558188271607,16.0,71.98360452932098,2026-03-23 20:00:00,2026-03-23
MAEU-3130,Cape,ULCV,20000,400,2026-03-23 05:00:00,False,0.19493485169308108,194934.8516930811,0.9723206046838953,19.660763718966287,16.0,70.8480907025843,2026-03-23 21:00:00,2026-03-23
MAEU-9733,Suez,Feeder,5000,150,2026-03-23 06:00:00,False,0.1,25000.0,0.9750133898136428,19.499196611181432,16.0,71.25200847204644,2026-03-23 22:00:00,2026-03-23
MAEU-9068,Suez,ULCV,20000,400,2026-03-23 08:00:00,False,0.26491738991933794,264917.38991933793,0.9766562659651988,19.400624042088072,16.0,71.49843989477984,2026-03-24 00:00:00,2026-03-23
MAEU-2381,Suez,New Panamax,14000,366,2026-03-23 10:00:00,False,0.20232308009542188,141626.15606679532,0.9690245667487175,19.858525995076953,16.0,70.35368501230764,2026-03-24 02:00:00,2026-03-23
MAEU-1187,Cape,ULCV,20000,400,2026-03-23 12:00:00,False,0.2921532038946706,292153.2038946706,0.9632624533575197,20.204252798548822,16.0,69.48936800362796,2026-03-24 04:00:00,2026-03-23
MAEU-2497,Cape,ULCV,20000,400,2026-03-23 12:00:00,False,0.25002816315214016,250028.1631521402,0.9594825032521733,20.431049804869602,16.0,68.922375487826,2026-03-24 04:00:00,2026-03-23
MAEU-6037,Suez,New Panamax,14000,366,2026-03-23 13:00:00,False,0.21113145465486463,147792.01825840524,0.9528211246685233,20.830732519888603,16.0,67.9231687002785,2026-03-24 05:00:00,2026-03-23
MAEU-8913,Cape,ULCV,20000,400,2026-03-23 15:00:00,False,0.22173898262928352,221738.9826292835,0.9476957143190101,21.138257140859395,16.0,67.15435714785153,2026-03-24 07:00:00,2026-03-23
MAEU-4175,Suez,Feeder,5000,150,2026-03-23 22:00:00,False,0.1,25000.0,0.9430477302962442,21.41713618222535,16.0,66.45715954443665,2026-03-24 14:00:00,2026-03-23
MAEU-3780,Suez,Feeder,5000,150,2026-03-24 06:00:00,False,0.1,25000.0,0.9397612069570254,21.614327582578483,8.0,65.96418104355381,2026-03-24 14:00:00,2026-03-24
MAEU-7687,Cape,New Panamax,14000,366,2026-03-24 09:00:00,False,0.23787971826802787,166515.8027876195,0.9447490160130485,21.315059039217093,8.0,66.71235240195728,2026-03-24 17:00:00,2026-03-24
MAEU-3368,Suez,New Panamax,14000,366,2026-03-24 16:00:00,False,0.24607140632637658,172249.98442846362,0.9461872600900605,21.228764394596375,8.0,66.92808901350908,2026-03-25 00:00:00,2026-03-24
MAEU-9851,Cape,New Panamax,14000,366,2026-03-24 17:00:00,False,0.18628975204732942,130402.8264331306,0.9559121935290885,20.645268388254692,8.0,68.38682902936328,2026-03-25 01:00:00,2026-03-24
MAEU-2556,Suez,Feeder,5000,150,2026-03-24 18:00:00,False,0.1,25000.0,0.9542069100684379,20.747585395893726,8.0,68.13103651026569,2026-03-25 02:00:00,2026-03-24
MAEU-8480,Cape,New Panamax,14000,366,2026-03-24 21:00:00,False,0.17817642788066612,124723.49951646628,0.9592842115451764,20.44294730728942,8.0,68.89263173177648,2026-03-25 05:00:00,2026-03-24
MAEU-3951,Suez,Feeder,5000,150,2026-03-24 22:00:00,False,0.1,25000.0,0.9667135799727071,19.997185201637574,8.0,70.00703699590608,2026-03-25 06:00:00,2026-03-24
MAEU-4965,Suez,Feeder,5000,150,2026-03-24 22:00:00,False,0.1,25000.0,0.9702931498334679,19.782411009991925,8.0,70.5439724750202,2026-03-25 06:00:00,2026-03-24
MAEU-5945,Cape,New Panamax,14000,366,2026-03-25 01:00:00,False,0.2582582329075769,180780.76303530383,0.9685304446418178,19.888173321490935,0.0,70.27956669627268,2026-03-25 01:00:00,2026-03-25
MAEU-7846,Suez,Feeder,5000,150,2026-03-25 03:00:00,False,0.1,25000.0,0.9736023372567328,19.58385976459603,0.0,71.04035058850994,2026-03-25 03:00:00,2026-03-25
MAEU-6590,Cape,ULCV,20000,400,2026-03-25 07:00:00,False,0.19071140706700715,190711.40706700715,0.9676756800121865,19.93945919926881,0.0,70.15135200182797,2026-03-25 07:00:00,2026-03-25
MAEU-8758,Cape,New Panamax,14000,366,2026-03-25 16:00:00,False,0.22666937088558445,158668.55961990912,0.9642267233157892,20.14639660105265,0.0,69.63400849736838,2026-03-25 16:00:00,2026-03-25
MAEU-5232,Cape,ULCV,20000,400,2026-03-26 01:00:00,True,0.19700218763777147,197002.18763777148,0.9651604284177749,20.090374294933508,24.0,69.77406426266626,2026-03-27 01:00:00,2026-03-26
MAEU-3437,Suez,New Panamax,14000,366,2026-03-26 04:00:00,True,0.29106727586042586,203747.0931022981,0.9666686161634979,19.99988303019013,24.0,70.00029242452469,2026-03-27 04:00:00,2026-03-26
MAEU-9859,Cape,ULCV,20000,400,2026-03-26 10:00:00,True,0.27400719898965276,274007.19898965274,0.9571114456729505,20.573313259622974,24.0,68.56671685094258,2026-03-27 10:00:00,2026-03-26
MAEU-7352,Suez,New Panamax,14000,366,2026-03-26 22:00:00,True,0.2374899776719568,166242.98437036976,0.9660137294480706,20.039176233115764,24.0,69.90205941721061,2026-03-27 22:00:00,2026-03-26
MAEU-7361,Cape,New Panamax,14000,366,2026-03-27 00:00:00,False,0.2895256448157637,202667.95137103458,0.9699462748724185,19.803223507654895,0.0,70.49194123086278,2026-03-27 00:00:00,2026-03-27
MAEU-3224,Suez,Feeder,5000,150,2026-03-27 05:00:00,False,0.1,25000.0,0.9698603498770563,19.808379007376626,0.0,70.47905248155845,2026-03-27 05:00:00,2026-03-27
MAEU-7091,Suez,New Panamax,14000,366,2026-03-27 18:00:00,False,0.16339342867883594,114375.40007518517,0.9785228945652225,19.288626326086657,0.0,71.77843418478338,2026-03-27 18:00:00,2026-03-27
MAEU-5888,Cape,ULCV,20000,400,2026-03-28 08:00:00,False,0.16580473833762846,165804.73833762846,0.977304805870239,19.36171164778566,0.0,71.59572088053586,2026-03-28 08:00:00,2026-03-28
MAEU-2316,Cape,Feeder,5000,150,2026-03-28 09:00:00,False,0.1,25000.0,0.9869135172756465,18.785188963461216,0.0,73.03702759134697,2026-03-28 09:00:00,2026-03-28
MAEU-4607,Suez,Feeder,5000,150,2026-03-28 11:00:00,False,0.1,25000.0,0.9871592124205162,18.77044725476903,0.0,73.07388186307743,2026-03-28 11:00:00,2026-03-28
MAEU-6621,Cape,ULCV,20000,400,2026-03-28 15:00:00,False,0.207768017985375,207768.017985375,0.9794449278204758,19.233304330771457,0.0,71.91673917307136,2026-03-28 15:00:00,2026-03-28
MAEU-7318,Suez,New Panamax,14000,366,2026-03-28 22:00:00,False,0.18813470756230433,131694.29529361302,0.9847409472696613,18.915543163820324,0.0,72.71114209044921,2026-03-28 22:00:00,2026-03-28
MAEU-3005,Suez,New Panamax,14000,366,2026-03-29 00:00:00,False,0.26943608933442814,188605.2625340997,0.9883189017712182,18.700865893726913,8.0,73.24783526568274,2026-03-29 08:00:00,2026-03-29
MAEU-2772,Suez,Feeder,5000,150,2026-03-29 01:00:00,False,0.1,25000.0,0.9937786361973299,18.37328182816021,8.0,74.0667954295995,2026-03-29 09:00:00,2026-03-29
MAEU-3257,Suez,Feeder,5000,150,2026-03-29 04:00:00,False,0.1,25000.0,1.0028074767718436,17.831551393689388,8.0,75.42112151577655,2026-03-29 12:00:00,2026-03-29
MAEU-5424,Suez,Feeder,5000,150,2026-03-29 05:00:00,False,0.1,25000.0,1.008337262824864,17.49976423050817,8.0,76.2505894237296,2026-03-29 13:00:00,2026-03-29
MAEU-9967,Cape,New Panamax,14000,366,2026-03-29 06:00:00,False,0.16885864034883394,118201.04824418377,1.010563994869197,17.36616030784819,8.0,76.58459923037954,2026-03-29 14:00:00,2026-03-29
MAEU-5968,Suez,Feeder,5000,150,2026-03-29 06:00:00,False,0.1,25000.0,1.0177101729164137,16.93738962501518,8.0,77.65652593746208,2026-03-29 14:00:00,2026-03-29
MAEU-7469,Cape,New Panamax,14000,366,2026-03-29 11:00:00,False,0.15782979435674574,110480.85604972203,1.0211751017035045,16.729493897789737,8.0,78.17626525552568,2026-03-29 19:00:00,2026-03-29
MAEU-2519,Suez,New Panamax,14000,366,2026-03-29 17:00:00,False,0.24516362179298753,171614.53525509126,1.019337482840023,16.839751029598624,8.0,77.90062242600345,2026-03-30 01:00:00,2026-03-29
MAEU-4173,Suez,ULCV,20000,400,2026-03-30 01:00:00,False,0.15289914463764015,152899.14463764013,1.0270498781248585,16.377007312508493,4.0,79.05748171872878,2026-03-30 05:00:00,2026-03-30
MAEU-1674,Suez,ULCV,20000,400,2026-03-30 02:00:00,False,0.21064346208823037,210643.46208823036,1.021487887340546,16.710726759567244,4.0,78.2231831010819,2026-03-30 06:00:00,2026-03-30
MAEU-6184,Suez,New Panamax,14000,366,2026-03-30 03:00:00,False,0.16280120047264873,113960.8403308541,1.0257807128387204,16.453157229676776,4.0,78.86710692580806,2026-03-30 07:00:00,2026-03-30
MAEU-9931,Cape,New Panamax,14000,366,2026-03-30 05:00:00,False,0.2643463548032908,185042.44836230355,1.0334119819375356,15.995281083747868,4.0,80.01179729063034,2026-03-30 09:00:00,2026-03-30
MAEU-2548,Suez,ULCV,20000,400,2026-03-30 16:00:00,False,0.16672683184819145,166726.83184819145,1.0380383123316015,15.717701260103913,4.0,80.70574684974022,2026-03-30 20:00:00,2026-03-30
MAEU-4253,Suez,New Panamax,14000,366,2026-03-30 19:00:00,False,0.15148857316917533,106042.00121842272,1.0419838207126786,15.480970757239287,4.0,81.2975731069018,2026-03-30 23:00:00,2026-03-30
MAEU-8982,Suez,New Panamax,14000,366,2026-03-30 20:00:00,False,0.2532066665754021,177244.66660278148,1.0470365865941154,15.17780480435308,4.0,82.05548798911731,2026-03-31 00:00:00,2026-03-30
MAEU-1719,Suez,New Panamax,14000,366,2026-03-31 10:00:00,False,0.24945110192126638,174615.77134488645,1.0463376915601283,15.219738506392302,0.0,81.95065373401926,2026-03-31 10:00:00,2026-03-31
MAEU-3745,Suez,New Panamax,14000,366,2026-03-31 11:00:00,False,0.168832532214398,118182.7725500786,1.0538211052032689,14.770733687803869,0.0,83.07316578049034,2026-03-31 11:00:00,2026-03-31
MAEU-6818,Suez,ULCV,20000,400,2026-03-31 14:00:00,False,0.2710733306047324,271073.3306047324,1.0478898347059906,15.126609917640565,0.0,82.1834752058986,2026-03-31 14:00:00,2026-03-31
MAEU-3566,Suez,New Panamax,14000,366,2026-03-31 19:00:00,False,0.2462789938283033,172395.29567981232,1.0404375630259974,15.573746218440156,0.0,81.06563445389962,2026-03-31 19:00:00,2026-03-31
MAEU-5063,Suez,ULCV,20000,400,2026-03-31 20:00:00,False,0.20127055582382739,201270.5558238274,1.0361477386283677,15.831135682297939,0.0,80.42216079425516,2026-03-31 20:00:00,2026-03-31
